"NbrePages10ID","NbrePages10"
"1","0"
"2","10"
"3","20"
"4","30"
"5","40"
"6","50"
"7","60"
"8","70"
"9","80"
"10","90"
"11","100"
"12","110"
"13","120"
"14","130"
"15","140"
"16","150"
"17","160"
"18","170"
"19","180"
"20","190"
"21","200"
"22","210"
"23","220"
"24","230"
"25","240"
"26","250"
"27","260"
"28","270"
"29","280"
"30","290"
"31","300"
"32","310"
"33","320"
"34","330"
"35","340"
"36","350"
"37","360"
"38","370"
"39","380"
"40","390"
"41","400"
"42","410"
"43","420"
"44","430"
"45","440"
"46","450"
"47","460"
"48","470"
"49","480"
"50","490"
"51","500"
"52","510"
"53","520"
"54","530"
"55","540"
"56","550"
"57","560"
"58","570"
"59","580"
"60","590"
"61","600"
"62","610"
"63","620"
"64","630"
"65","640"
"66","650"
"67","660"
"68","670"
"69","680"
"70","690"
"71","700"
"72","710"
"73","720"
"74","730"
"75","740"
"76","750"
"77","760"
"78","770"
"79","780"
"80","790"
"81","800"
"82","810"
"83","820"
"84","830"
"85","840"
"86","850"
"87","860"
"88","870"
"89","880"
"90","890"
"91","900"
"92","910"
"93","920"
"94","930"
"95","940"
"96","950"
"97","960"
"98","970"
"99","980"
"100","990"
"101","1000"
"102","1010"
"103","1020"
"104","1030"
"105","1040"
"106","1050"
"107","1060"
"108","1070"
"109","1090"
"110","1100"
"111","1110"
"112","1120"
"113","1130"
"114","1140"
"115","1150"
"116","1160"
"117","1170"
"118","1180"
"119","1190"
"120","1200"
"121","1220"
"122","1230"
"123","1240"
"124","1250"
"125","1260"
"126","1280"
"127","1290"
"128","1300"
"129","1310"
"130","1320"
"131","1340"
"132","1360"
"133","1370"
"134","1380"
"135","1400"
"136","1410"
"137","1420"
"138","1430"
"139","1440"
"140","1450"
"141","1460"
"142","1470"
"143","1480"
"144","1490"
"145","1500"
"146","1510"
"147","1520"
"148","1530"
"149","1540"
"150","1550"
"151","1570"
"152","1580"
"153","1600"
"154","1620"
"155","1630"
"156","1640"
"157","1650"
"158","1660"
"159","1670"
"160","1680"
"161","1690"
"162","1700"
"163","1710"
"164","1730"
"165","1750"
"166","1760"
"167","1810"
"168","1820"
"169","1840"
"170","1850"
"171","1860"
"172","1870"
"173","1900"
"174","1910"
"175","1920"
"176","1930"
"177","1950"
"178","1970"
"179","1990"
"180","2000"
"181","2070"
"182","2130"
"183","2140"
"184","2160"
"185","2200"
"186","2230"
"187","2290"
"188","2360"
"189","2410"
"190","2420"
"191","2490"
"192","2500"
"193","2540"
"194","2830"
"195","2880"
"196","2910"
"197","2920"
"198","3150"
"199","3280"
"200","3520"
"201","3780"
"202","4570"
"203","5210"
"204","5740"
"205","7590"
"206","14610"
