"PublicationDateID","PublicationDate"
"1","0000-00-00"
"2","1859-01-01"
"3","1900-01-01"
"4","1929-07-27"
"5","1934-03-01"
"6","1940-07-01"
"7","1943-03-09"
"8","1945-01-01"
"9","1951-11-17"
"10","1952-03-01"
"11","1952-04-01"
"12","1952-09-15"
"13","1953-03-31"
"14","1953-10-17"
"15","1953-12-12"
"16","1954-03-06"
"17","1957-07-01"
"18","1958-01-01"
"19","1958-11-13"
"20","1959-02-23"
"21","1959-04-01"
"22","1960-04-09"
"23","1960-06-15"
"24","1960-09-01"
"25","1960-09-02"
"26","1961-07-06"
"27","1962-04-12"
"28","1962-10-04"
"29","1963-01-01"
"30","1963-03-01"
"31","1963-11-30"
"32","1964-01-01"
"33","1964-01-24"
"34","1965-01-01"
"35","1965-09-23"
"36","1965-11-24"
"37","1966-01-01"
"38","1966-03-04"
"39","1966-06-02"
"40","1967-01-01"
"41","1967-01-20"
"42","1967-02-15"
"43","1967-05-17"
"44","1967-09-20"
"45","1967-11-02"
"46","1968-01-26"
"47","1968-03-26"
"48","1968-05-08"
"49","1968-07-03"
"50","1968-11-06"
"51","1968-12-11"
"52","1969-03-03"
"53","1969-04-11"
"54","1969-05-09"
"55","1969-09-25"
"56","1969-11-13"
"57","1970-01-01"
"58","1970-03-01"
"59","1970-07-01"
"60","1970-07-06"
"61","1970-10-01"
"62","1970-10-05"
"63","1971-01-01"
"64","1971-05-26"
"65","1971-07-01"
"66","1971-09-29"
"67","1971-10-01"
"68","1972-01-01"
"69","1972-01-07"
"70","1972-01-18"
"71","1972-01-27"
"72","1972-02-01"
"73","1972-02-16"
"74","1972-03-01"
"75","1972-03-07"
"76","1972-03-28"
"77","1972-04-01"
"78","1972-04-07"
"79","1972-04-18"
"80","1972-05-09"
"81","1972-05-16"
"82","1972-05-19"
"83","1972-06-20"
"84","1972-06-29"
"85","1972-07-26"
"86","1972-09-01"
"87","1972-10-06"
"88","1972-10-17"
"89","1972-10-24"
"90","1972-10-26"
"91","1972-11-16"
"92","1972-12-01"
"93","1972-12-08"
"94","1972-12-19"
"95","1973-01-01"
"96","1973-01-16"
"97","1973-02-01"
"98","1973-03-27"
"99","1973-04-05"
"100","1973-05-01"
"101","1973-06-14"
"102","1973-07-02"
"103","1973-07-12"
"104","1973-08-01"
"105","1973-09-13"
"106","1973-09-26"
"107","1973-10-26"
"108","1973-12-07"
"109","1974-01-08"
"110","1974-01-16"
"111","1974-04-01"
"112","1974-06-01"
"113","1974-06-07"
"114","1974-07-01"
"115","1974-08-01"
"116","1974-10-01"
"117","1974-11-02"
"118","1974-12-09"
"119","1975-01-01"
"120","1975-02-06"
"121","1975-03-14"
"122","1975-04-01"
"123","1975-07-25"
"124","1975-10-25"
"125","1975-11-01"
"126","1975-11-27"
"127","1975-12-01"
"128","1975-12-06"
"129","1976-01-01"
"130","1976-03-17"
"131","1976-04-14"
"132","1976-05-06"
"133","1976-09-10"
"134","1976-09-22"
"135","1976-10-14"
"136","1976-11-05"
"137","1976-11-26"
"138","1976-12-06"
"139","1977-01-01"
"140","1977-03-15"
"141","1977-04-01"
"142","1977-06-01"
"143","1977-06-14"
"144","1977-06-24"
"145","1978-02-01"
"146","1978-02-17"
"147","1978-04-01"
"148","1978-04-21"
"149","1978-11-01"
"150","1979-01-01"
"151","1979-03-13"
"152","1979-09-19"
"153","1979-10-01"
"154","1979-10-16"
"155","1979-11-06"
"156","1979-11-14"
"157","1979-11-21"
"158","1979-12-01"
"159","1980-01-01"
"160","1980-02-21"
"161","1980-03-01"
"162","1980-04-08"
"163","1980-05-14"
"164","1980-06-01"
"165","1980-08-01"
"166","1980-10-01"
"167","1980-10-02"
"168","1980-10-14"
"169","1980-11-01"
"170","1980-11-04"
"171","1980-11-25"
"172","1980-12-31"
"173","1981-01-01"
"174","1981-03-01"
"175","1981-04-01"
"176","1981-05-01"
"177","1981-05-06"
"178","1981-06-18"
"179","1981-09-01"
"180","1981-10-06"
"181","1981-10-22"
"182","1981-12-01"
"183","1981-12-31"
"184","1982-01-01"
"185","1982-01-05"
"186","1982-03-16"
"187","1982-05-12"
"188","1982-07-07"
"189","1982-08-01"
"190","1982-09-21"
"191","1982-11-01"
"192","1982-11-17"
"193","1982-12-08"
"194","1982-12-16"
"195","1983-01-01"
"196","1983-01-13"
"197","1983-02-11"
"198","1983-03-01"
"199","1983-04-13"
"200","1983-05-01"
"201","1983-05-03"
"202","1983-09-22"
"203","1983-10-25"
"204","1983-12-01"
"205","1984-01-01"
"206","1984-01-04"
"207","1984-01-24"
"208","1984-02-01"
"209","1984-03-01"
"210","1984-06-01"
"211","1984-06-27"
"212","1984-06-30"
"213","1984-08-01"
"214","1984-08-13"
"215","1984-09-01"
"216","1984-09-11"
"217","1984-09-24"
"218","1984-10-03"
"219","1984-10-11"
"220","1984-10-14"
"221","1984-11-23"
"222","1985-01-01"
"223","1985-01-15"
"224","1985-02-01"
"225","1985-02-12"
"226","1985-03-22"
"227","1985-04-01"
"228","1985-04-11"
"229","1985-04-22"
"230","1985-05-01"
"231","1985-05-02"
"232","1985-05-14"
"233","1985-05-24"
"234","1985-06-01"
"235","1985-06-14"
"236","1985-08-30"
"237","1985-09-01"
"238","1985-09-30"
"239","1985-10-01"
"240","1985-10-23"
"241","1985-11-01"
"242","1985-12-01"
"243","1985-12-31"
"244","1986-01-01"
"245","1986-01-14"
"246","1986-01-29"
"247","1986-02-01"
"248","1986-03-12"
"249","1986-04-21"
"250","1986-04-22"
"251","1986-04-30"
"252","1986-05-01"
"253","1986-05-13"
"254","1986-06-30"
"255","1986-08-29"
"256","1986-11-14"
"257","1986-11-20"
"258","1986-12-03"
"259","1987-01-01"
"260","1987-01-13"
"261","1987-01-22"
"262","1987-01-31"
"263","1987-02-11"
"264","1987-03-01"
"265","1987-03-03"
"266","1987-03-12"
"267","1987-03-23"
"268","1987-04-01"
"269","1987-04-10"
"270","1987-05-04"
"271","1987-05-14"
"272","1987-05-20"
"273","1987-05-25"
"274","1987-06-03"
"275","1987-07-07"
"276","1987-07-10"
"277","1987-07-15"
"278","1987-07-22"
"279","1987-08-10"
"280","1987-09-10"
"281","1987-10-07"
"282","1987-10-13"
"283","1987-12-03"
"284","1987-12-31"
"285","1988-01-01"
"286","1988-01-04"
"287","1988-01-22"
"288","1988-02-01"
"289","1988-03-22"
"290","1988-03-30"
"291","1988-04-01"
"292","1988-04-07"
"293","1988-04-22"
"294","1988-05-01"
"295","1988-05-11"
"296","1988-09-01"
"297","1988-09-02"
"298","1988-09-26"
"299","1988-09-27"
"300","1988-10-01"
"301","1988-10-11"
"302","1988-10-17"
"303","1988-10-25"
"304","1988-11-01"
"305","1988-11-18"
"306","1988-11-28"
"307","1988-12-15"
"308","1989-01-01"
"309","1989-01-04"
"310","1989-01-24"
"311","1989-02-02"
"312","1989-03-01"
"313","1989-03-23"
"314","1989-04-04"
"315","1989-04-13"
"316","1989-04-18"
"317","1989-05-03"
"318","1989-05-16"
"319","1989-09-19"
"320","1989-10-18"
"321","1989-12-29"
"322","1990-01-01"
"323","1990-01-04"
"324","1990-01-12"
"325","1990-02-02"
"326","1990-02-07"
"327","1990-02-13"
"328","1990-02-21"
"329","1990-02-22"
"330","1990-02-28"
"331","1990-03-01"
"332","1990-03-02"
"333","1990-03-21"
"334","1990-03-22"
"335","1990-04-20"
"336","1990-05-01"
"337","1990-05-22"
"338","1990-06-01"
"339","1990-06-22"
"340","1990-07-01"
"341","1990-07-02"
"342","1990-08-01"
"343","1990-08-28"
"344","1990-09-01"
"345","1990-09-19"
"346","1990-09-26"
"347","1990-10-01"
"348","1990-10-03"
"349","1990-10-10"
"350","1990-12-06"
"351","1991-01-01"
"352","1991-01-04"
"353","1991-01-24"
"354","1991-02-01"
"355","1991-02-21"
"356","1991-03-01"
"357","1991-03-11"
"358","1991-03-22"
"359","1991-04-01"
"360","1991-04-02"
"361","1991-04-09"
"362","1991-04-15"
"363","1991-05-01"
"364","1991-05-03"
"365","1991-05-15"
"366","1991-05-24"
"367","1991-06-01"
"368","1991-06-04"
"369","1991-06-09"
"370","1991-06-21"
"371","1991-08-01"
"372","1991-09-01"
"373","1991-09-17"
"374","1991-10-01"
"375","1991-10-16"
"376","1991-10-24"
"377","1991-11-20"
"378","1991-11-27"
"379","1991-12-01"
"380","1991-12-31"
"381","1992-01-01"
"382","1992-01-08"
"383","1992-02-01"
"384","1992-02-21"
"385","1992-02-25"
"386","1992-03-01"
"387","1992-03-05"
"388","1992-03-15"
"389","1992-03-27"
"390","1992-04-01"
"391","1992-04-02"
"392","1992-04-07"
"393","1992-04-13"
"394","1992-04-15"
"395","1992-04-17"
"396","1992-04-30"
"397","1992-05-06"
"398","1992-05-07"
"399","1992-05-14"
"400","1992-05-19"
"401","1992-05-22"
"402","1992-06-01"
"403","1992-06-10"
"404","1992-06-24"
"405","1992-06-25"
"406","1992-07-09"
"407","1992-08-01"
"408","1992-08-31"
"409","1992-09-01"
"410","1992-09-11"
"411","1992-09-23"
"412","1992-09-25"
"413","1992-09-30"
"414","1992-10-01"
"415","1992-10-09"
"416","1992-10-15"
"417","1992-10-22"
"418","1992-11-04"
"419","1992-11-10"
"420","1992-11-19"
"421","1992-12-01"
"422","1992-12-07"
"423","1993-01-01"
"424","1993-01-07"
"425","1993-01-22"
"426","1993-02-01"
"427","1993-02-02"
"428","1993-02-09"
"429","1993-02-12"
"430","1993-02-23"
"431","1993-02-25"
"432","1993-03-16"
"433","1993-03-18"
"434","1993-04-01"
"435","1993-04-02"
"436","1993-05-01"
"437","1993-05-02"
"438","1993-05-04"
"439","1993-05-05"
"440","1993-05-17"
"441","1993-06-01"
"442","1993-06-02"
"443","1993-06-03"
"444","1993-06-04"
"445","1993-06-11"
"446","1993-07-01"
"447","1993-07-15"
"448","1993-08-01"
"449","1993-08-25"
"450","1993-08-27"
"451","1993-08-31"
"452","1993-09-01"
"453","1993-09-03"
"454","1993-09-08"
"455","1993-09-15"
"456","1993-10-01"
"457","1993-10-21"
"458","1993-10-26"
"459","1993-11-03"
"460","1993-11-16"
"461","1993-11-24"
"462","1993-11-25"
"463","1993-11-30"
"464","1993-12-01"
"465","1993-12-08"
"466","1993-12-31"
"467","1994-01-01"
"468","1994-01-04"
"469","1994-01-25"
"470","1994-01-27"
"471","1994-01-31"
"472","1994-02-15"
"473","1994-02-24"
"474","1994-03-01"
"475","1994-03-02"
"476","1994-03-15"
"477","1994-03-24"
"478","1994-04-06"
"479","1994-04-13"
"480","1994-04-18"
"481","1994-04-22"
"482","1994-05-01"
"483","1994-05-11"
"484","1994-05-20"
"485","1994-05-25"
"486","1994-06-01"
"487","1994-06-03"
"488","1994-06-06"
"489","1994-06-28"
"490","1994-07-01"
"491","1994-07-11"
"492","1994-08-19"
"493","1994-08-26"
"494","1994-08-31"
"495","1994-09-01"
"496","1994-09-05"
"497","1994-09-14"
"498","1994-09-19"
"499","1994-09-30"
"500","1994-10-01"
"501","1994-10-04"
"502","1994-10-06"
"503","1994-10-12"
"504","1994-10-25"
"505","1994-10-26"
"506","1994-11-01"
"507","1994-11-09"
"508","1994-11-15"
"509","1994-11-23"
"510","1994-12-01"
"511","1994-12-24"
"512","1995-01-01"
"513","1995-01-23"
"514","1995-01-24"
"515","1995-02-01"
"516","1995-02-14"
"517","1995-02-21"
"518","1995-03-01"
"519","1995-03-03"
"520","1995-03-07"
"521","1995-03-15"
"522","1995-03-29"
"523","1995-04-01"
"524","1995-04-07"
"525","1995-04-12"
"526","1995-04-18"
"527","1995-04-21"
"528","1995-04-25"
"529","1995-04-27"
"530","1995-05-01"
"531","1995-05-12"
"532","1995-05-17"
"533","1995-05-18"
"534","1995-06-02"
"535","1995-06-08"
"536","1995-06-20"
"537","1995-06-23"
"538","1995-07-12"
"539","1995-07-25"
"540","1995-08-17"
"541","1995-08-29"
"542","1995-09-01"
"543","1995-09-02"
"544","1995-09-03"
"545","1995-09-06"
"546","1995-09-07"
"547","1995-09-13"
"548","1995-09-14"
"549","1995-09-22"
"550","1995-10-01"
"551","1995-10-03"
"552","1995-10-05"
"553","1995-10-10"
"554","1995-10-13"
"555","1995-10-24"
"556","1995-11-01"
"557","1995-11-14"
"558","1995-11-15"
"559","1995-11-23"
"560","1995-12-01"
"561","1995-12-19"
"562","1996-01-01"
"563","1996-01-02"
"564","1996-01-03"
"565","1996-01-09"
"566","1996-01-23"
"567","1996-01-29"
"568","1996-02-05"
"569","1996-02-15"
"570","1996-02-21"
"571","1996-03-01"
"572","1996-03-14"
"573","1996-03-15"
"574","1996-03-20"
"575","1996-03-22"
"576","1996-03-31"
"577","1996-04-01"
"578","1996-04-02"
"579","1996-04-12"
"580","1996-04-24"
"581","1996-04-25"
"582","1996-05-01"
"583","1996-05-03"
"584","1996-05-14"
"585","1996-05-22"
"586","1996-06-01"
"587","1996-06-06"
"588","1996-06-07"
"589","1996-06-12"
"590","1996-06-14"
"591","1996-06-25"
"592","1996-07-10"
"593","1996-07-15"
"594","1996-07-26"
"595","1996-08-01"
"596","1996-09-01"
"597","1996-09-13"
"598","1996-09-17"
"599","1996-09-18"
"600","1996-10-01"
"601","1996-10-03"
"602","1996-10-09"
"603","1996-10-10"
"604","1996-10-23"
"605","1996-10-24"
"606","1996-11-01"
"607","1996-11-15"
"608","1996-11-20"
"609","1996-11-26"
"610","1996-11-30"
"611","1996-12-01"
"612","1996-12-24"
"613","1997-01-01"
"614","1997-01-02"
"615","1997-01-09"
"616","1997-01-14"
"617","1997-01-22"
"618","1997-01-23"
"619","1997-01-29"
"620","1997-02-03"
"621","1997-02-05"
"622","1997-02-06"
"623","1997-02-13"
"624","1997-02-21"
"625","1997-02-25"
"626","1997-02-27"
"627","1997-03-05"
"628","1997-03-19"
"629","1997-03-20"
"630","1997-03-31"
"631","1997-04-01"
"632","1997-04-03"
"633","1997-04-14"
"634","1997-04-17"
"635","1997-04-25"
"636","1997-05-02"
"637","1997-05-07"
"638","1997-05-08"
"639","1997-05-14"
"640","1997-05-21"
"641","1997-05-23"
"642","1997-05-28"
"643","1997-05-29"
"644","1997-06-01"
"645","1997-06-05"
"646","1997-06-13"
"647","1997-06-18"
"648","1997-06-24"
"649","1997-06-25"
"650","1997-07-01"
"651","1997-07-02"
"652","1997-07-04"
"653","1997-07-09"
"654","1997-08-01"
"655","1997-08-12"
"656","1997-08-22"
"657","1997-08-27"
"658","1997-08-30"
"659","1997-09-24"
"660","1997-10-01"
"661","1997-10-08"
"662","1997-10-14"
"663","1997-10-22"
"664","1997-11-01"
"665","1997-11-04"
"666","1997-11-19"
"667","1997-12-15"
"668","1997-12-31"
"669","1998-01-01"
"670","1998-01-14"
"671","1998-01-21"
"672","1998-01-28"
"673","1998-02-09"
"674","1998-02-18"
"675","1998-02-23"
"676","1998-02-27"
"677","1998-03-01"
"678","1998-03-11"
"679","1998-03-13"
"680","1998-03-16"
"681","1998-03-20"
"682","1998-03-25"
"683","1998-03-31"
"684","1998-04-06"
"685","1998-04-09"
"686","1998-04-14"
"687","1998-04-17"
"688","1998-04-22"
"689","1998-04-28"
"690","1998-05-01"
"691","1998-05-05"
"692","1998-05-15"
"693","1998-05-19"
"694","1998-05-20"
"695","1998-05-26"
"696","1998-05-27"
"697","1998-06-01"
"698","1998-06-02"
"699","1998-06-10"
"700","1998-06-16"
"701","1998-06-18"
"702","1998-06-19"
"703","1998-06-24"
"704","1998-07-01"
"705","1998-07-02"
"706","1998-07-08"
"707","1998-07-09"
"708","1998-08-01"
"709","1998-08-04"
"710","1998-08-15"
"711","1998-08-26"
"712","1998-09-01"
"713","1998-09-02"
"714","1998-09-16"
"715","1998-09-23"
"716","1998-09-28"
"717","1998-10-01"
"718","1998-10-07"
"719","1998-10-12"
"720","1998-10-14"
"721","1998-10-16"
"722","1998-10-19"
"723","1998-10-20"
"724","1998-10-21"
"725","1998-10-22"
"726","1998-10-28"
"727","1998-10-31"
"728","1998-11-01"
"729","1998-11-02"
"730","1998-11-03"
"731","1998-11-04"
"732","1998-11-06"
"733","1998-11-18"
"734","1998-11-20"
"735","1998-11-25"
"736","1998-12-01"
"737","1998-12-17"
"738","1998-12-29"
"739","1998-12-31"
"740","1999-01-01"
"741","1999-01-04"
"742","1999-01-05"
"743","1999-01-07"
"744","1999-01-15"
"745","1999-01-19"
"746","1999-01-20"
"747","1999-01-21"
"748","1999-01-22"
"749","1999-01-28"
"750","1999-02-01"
"751","1999-02-03"
"752","1999-02-09"
"753","1999-02-16"
"754","1999-02-17"
"755","1999-02-23"
"756","1999-02-25"
"757","1999-02-27"
"758","1999-03-03"
"759","1999-03-04"
"760","1999-03-10"
"761","1999-03-12"
"762","1999-03-18"
"763","1999-03-23"
"764","1999-03-24"
"765","1999-03-31"
"766","1999-04-01"
"767","1999-04-02"
"768","1999-04-07"
"769","1999-04-12"
"770","1999-04-14"
"771","1999-04-15"
"772","1999-04-16"
"773","1999-04-21"
"774","1999-04-23"
"775","1999-05-01"
"776","1999-05-04"
"777","1999-05-05"
"778","1999-05-14"
"779","1999-05-18"
"780","1999-05-21"
"781","1999-05-26"
"782","1999-05-27"
"783","1999-05-30"
"784","1999-06-03"
"785","1999-06-04"
"786","1999-06-08"
"787","1999-06-10"
"788","1999-06-16"
"789","1999-06-17"
"790","1999-06-23"
"791","1999-06-29"
"792","1999-06-30"
"793","1999-07-02"
"794","1999-08-02"
"795","1999-08-25"
"796","1999-08-31"
"797","1999-09-01"
"798","1999-09-12"
"799","1999-09-14"
"800","1999-09-16"
"801","1999-09-21"
"802","1999-09-22"
"803","1999-09-30"
"804","1999-10-06"
"805","1999-10-09"
"806","1999-10-11"
"807","1999-10-12"
"808","1999-10-13"
"809","1999-10-21"
"810","1999-10-26"
"811","1999-10-27"
"812","1999-10-29"
"813","1999-11-03"
"814","1999-11-09"
"815","1999-11-10"
"816","1999-11-18"
"817","1999-11-23"
"818","1999-11-25"
"819","1999-11-30"
"820","1999-12-01"
"821","1999-12-08"
"822","1999-12-14"
"823","1999-12-15"
"824","1999-12-20"
"825","1999-12-30"
"826","1999-12-31"
"827","2000-01-01"
"828","2000-01-05"
"829","2000-01-12"
"830","2000-01-21"
"831","2000-01-26"
"832","2000-02-01"
"833","2000-02-02"
"834","2000-02-08"
"835","2000-02-15"
"836","2000-02-16"
"837","2000-02-17"
"838","2000-02-18"
"839","2000-02-22"
"840","2000-02-26"
"841","2000-03-03"
"842","2000-03-08"
"843","2000-03-13"
"844","2000-03-15"
"845","2000-03-17"
"846","2000-03-20"
"847","2000-03-21"
"848","2000-03-24"
"849","2000-03-27"
"850","2000-03-30"
"851","2000-04-01"
"852","2000-04-06"
"853","2000-04-11"
"854","2000-04-12"
"855","2000-04-14"
"856","2000-04-15"
"857","2000-04-19"
"858","2000-04-21"
"859","2000-04-22"
"860","2000-04-25"
"861","2000-04-27"
"862","2000-05-02"
"863","2000-05-03"
"864","2000-05-04"
"865","2000-05-06"
"866","2000-05-11"
"867","2000-05-15"
"868","2000-05-18"
"869","2000-05-19"
"870","2000-05-22"
"871","2000-05-25"
"872","2000-06-01"
"873","2000-06-06"
"874","2000-06-07"
"875","2000-06-14"
"876","2000-06-21"
"877","2000-06-30"
"878","2000-07-05"
"879","2000-07-10"
"880","2000-07-11"
"881","2000-07-27"
"882","2000-07-29"
"883","2000-08-16"
"884","2000-08-23"
"885","2000-08-30"
"886","2000-09-01"
"887","2000-09-07"
"888","2000-09-13"
"889","2000-09-15"
"890","2000-09-20"
"891","2000-09-30"
"892","2000-10-01"
"893","2000-10-04"
"894","2000-10-05"
"895","2000-10-06"
"896","2000-10-11"
"897","2000-10-14"
"898","2000-10-15"
"899","2000-10-18"
"900","2000-10-24"
"901","2000-10-25"
"902","2000-11-01"
"903","2000-11-03"
"904","2000-11-08"
"905","2000-11-10"
"906","2000-11-17"
"907","2000-11-18"
"908","2000-11-21"
"909","2000-11-22"
"910","2000-11-29"
"911","2000-12-01"
"912","2000-12-06"
"913","2000-12-12"
"914","2000-12-28"
"915","2001-01-01"
"916","2001-01-02"
"917","2001-01-03"
"918","2001-01-05"
"919","2001-01-08"
"920","2001-01-11"
"921","2001-01-12"
"922","2001-01-15"
"923","2001-01-24"
"924","2001-02-05"
"925","2001-02-06"
"926","2001-02-07"
"927","2001-02-14"
"928","2001-02-16"
"929","2001-02-22"
"930","2001-02-23"
"931","2001-02-28"
"932","2001-03-01"
"933","2001-03-03"
"934","2001-03-07"
"935","2001-03-13"
"936","2001-03-14"
"937","2001-03-15"
"938","2001-03-16"
"939","2001-03-19"
"940","2001-03-21"
"941","2001-03-28"
"942","2001-04-02"
"943","2001-04-05"
"944","2001-04-06"
"945","2001-04-10"
"946","2001-04-11"
"947","2001-04-18"
"948","2001-04-19"
"949","2001-04-25"
"950","2001-05-01"
"951","2001-05-04"
"952","2001-05-08"
"953","2001-05-09"
"954","2001-05-15"
"955","2001-05-16"
"956","2001-05-17"
"957","2001-05-18"
"958","2001-05-22"
"959","2001-05-23"
"960","2001-05-28"
"961","2001-06-01"
"962","2001-06-06"
"963","2001-06-21"
"964","2001-06-26"
"965","2001-06-29"
"966","2001-07-04"
"967","2001-07-05"
"968","2001-07-09"
"969","2001-08-15"
"970","2001-08-21"
"971","2001-09-03"
"972","2001-09-04"
"973","2001-09-05"
"974","2001-09-06"
"975","2001-09-13"
"976","2001-09-26"
"977","2001-09-27"
"978","2001-09-30"
"979","2001-10-01"
"980","2001-10-03"
"981","2001-10-04"
"982","2001-10-10"
"983","2001-10-11"
"984","2001-10-12"
"985","2001-10-15"
"986","2001-10-17"
"987","2001-10-18"
"988","2001-10-31"
"989","2001-11-01"
"990","2001-11-05"
"991","2001-11-06"
"992","2001-11-07"
"993","2001-11-08"
"994","2001-11-10"
"995","2001-11-16"
"996","2001-11-20"
"997","2001-11-26"
"998","2001-11-28"
"999","2001-11-30"
"1000","2001-12-01"
"1001","2001-12-04"
"1002","2001-12-12"
"1003","2001-12-15"
"1004","2001-12-18"
"1005","2001-12-31"
"1006","2002-01-01"
"1007","2002-01-02"
"1008","2002-01-03"
"1009","2002-01-07"
"1010","2002-01-08"
"1011","2002-01-09"
"1012","2002-01-11"
"1013","2002-01-14"
"1014","2002-01-15"
"1015","2002-01-19"
"1016","2002-01-20"
"1017","2002-01-21"
"1018","2002-01-22"
"1019","2002-01-23"
"1020","2002-01-25"
"1021","2002-01-30"
"1022","2002-01-31"
"1023","2002-02-01"
"1024","2002-02-12"
"1025","2002-02-13"
"1026","2002-02-17"
"1027","2002-02-24"
"1028","2002-02-26"
"1029","2002-02-27"
"1030","2002-02-28"
"1031","2002-03-01"
"1032","2002-03-02"
"1033","2002-03-07"
"1034","2002-03-09"
"1035","2002-03-11"
"1036","2002-03-13"
"1037","2002-03-14"
"1038","2002-03-15"
"1039","2002-03-16"
"1040","2002-03-19"
"1041","2002-03-20"
"1042","2002-03-24"
"1043","2002-03-31"
"1044","2002-04-01"
"1045","2002-04-10"
"1046","2002-04-11"
"1047","2002-04-15"
"1048","2002-04-17"
"1049","2002-04-18"
"1050","2002-04-22"
"1051","2002-04-24"
"1052","2002-04-30"
"1053","2002-05-01"
"1054","2002-05-02"
"1055","2002-05-07"
"1056","2002-05-13"
"1057","2002-05-15"
"1058","2002-05-16"
"1059","2002-05-23"
"1060","2002-05-24"
"1061","2002-05-27"
"1062","2002-05-28"
"1063","2002-05-31"
"1064","2002-06-02"
"1065","2002-06-04"
"1066","2002-06-05"
"1067","2002-06-06"
"1068","2002-06-12"
"1069","2002-06-15"
"1070","2002-06-19"
"1071","2002-06-20"
"1072","2002-06-30"
"1073","2002-07-03"
"1074","2002-07-06"
"1075","2002-07-11"
"1076","2002-07-12"
"1077","2002-07-15"
"1078","2002-07-16"
"1079","2002-07-31"
"1080","2002-08-01"
"1081","2002-08-19"
"1082","2002-08-26"
"1083","2002-08-28"
"1084","2002-08-30"
"1085","2002-09-04"
"1086","2002-09-06"
"1087","2002-09-08"
"1088","2002-09-11"
"1089","2002-09-12"
"1090","2002-09-13"
"1091","2002-09-15"
"1092","2002-09-18"
"1093","2002-09-20"
"1094","2002-09-23"
"1095","2002-09-24"
"1096","2002-09-25"
"1097","2002-09-27"
"1098","2002-10-01"
"1099","2002-10-02"
"1100","2002-10-03"
"1101","2002-10-04"
"1102","2002-10-07"
"1103","2002-10-09"
"1104","2002-10-10"
"1105","2002-10-11"
"1106","2002-10-14"
"1107","2002-10-15"
"1108","2002-10-16"
"1109","2002-10-19"
"1110","2002-10-22"
"1111","2002-10-23"
"1112","2002-10-29"
"1113","2002-11-04"
"1114","2002-11-06"
"1115","2002-11-09"
"1116","2002-11-13"
"1117","2002-11-15"
"1118","2002-11-16"
"1119","2002-11-17"
"1120","2002-11-20"
"1121","2002-11-21"
"1122","2002-12-01"
"1123","2002-12-04"
"1124","2002-12-05"
"1125","2002-12-09"
"1126","2002-12-11"
"1127","2002-12-15"
"1128","2002-12-31"
"1129","2003-01-01"
"1130","2003-01-07"
"1131","2003-01-09"
"1132","2003-01-15"
"1133","2003-01-17"
"1134","2003-01-18"
"1135","2003-01-23"
"1136","2003-01-24"
"1137","2003-01-25"
"1138","2003-01-30"
"1139","2003-02-05"
"1140","2003-02-10"
"1141","2003-02-13"
"1142","2003-02-15"
"1143","2003-02-20"
"1144","2003-02-24"
"1145","2003-02-26"
"1146","2003-02-27"
"1147","2003-03-01"
"1148","2003-03-03"
"1149","2003-03-06"
"1150","2003-03-10"
"1151","2003-03-11"
"1152","2003-03-12"
"1153","2003-03-15"
"1154","2003-03-17"
"1155","2003-03-19"
"1156","2003-03-20"
"1157","2003-03-24"
"1158","2003-03-31"
"1159","2003-04-03"
"1160","2003-04-04"
"1161","2003-04-10"
"1162","2003-04-11"
"1163","2003-04-15"
"1164","2003-04-23"
"1165","2003-04-25"
"1166","2003-04-29"
"1167","2003-05-01"
"1168","2003-05-03"
"1169","2003-05-06"
"1170","2003-05-07"
"1171","2003-05-14"
"1172","2003-05-15"
"1173","2003-05-17"
"1174","2003-05-19"
"1175","2003-05-21"
"1176","2003-05-22"
"1177","2003-05-28"
"1178","2003-05-29"
"1179","2003-06-01"
"1180","2003-06-05"
"1181","2003-06-06"
"1182","2003-06-11"
"1183","2003-06-20"
"1184","2003-06-26"
"1185","2003-06-27"
"1186","2003-07-01"
"1187","2003-07-02"
"1188","2003-07-05"
"1189","2003-07-07"
"1190","2003-07-10"
"1191","2003-07-17"
"1192","2003-07-25"
"1193","2003-07-30"
"1194","2003-08-04"
"1195","2003-08-11"
"1196","2003-08-16"
"1197","2003-08-27"
"1198","2003-08-29"
"1199","2003-09-01"
"1200","2003-09-02"
"1201","2003-09-03"
"1202","2003-09-04"
"1203","2003-09-05"
"1204","2003-09-11"
"1205","2003-09-12"
"1206","2003-09-15"
"1207","2003-09-16"
"1208","2003-09-17"
"1209","2003-09-20"
"1210","2003-09-25"
"1211","2003-09-30"
"1212","2003-10-01"
"1213","2003-10-08"
"1214","2003-10-09"
"1215","2003-10-10"
"1216","2003-10-13"
"1217","2003-10-15"
"1218","2003-10-16"
"1219","2003-10-17"
"1220","2003-10-20"
"1221","2003-10-23"
"1222","2003-10-25"
"1223","2003-10-27"
"1224","2003-10-28"
"1225","2003-10-30"
"1226","2003-11-01"
"1227","2003-11-03"
"1228","2003-11-05"
"1229","2003-11-06"
"1230","2003-11-07"
"1231","2003-11-13"
"1232","2003-11-15"
"1233","2003-11-16"
"1234","2003-11-20"
"1235","2003-11-21"
"1236","2003-11-24"
"1237","2003-11-27"
"1238","2003-11-30"
"1239","2003-12-01"
"1240","2003-12-03"
"1241","2003-12-04"
"1242","2003-12-06"
"1243","2003-12-09"
"1244","2003-12-10"
"1245","2003-12-20"
"1246","2004-01-01"
"1247","2004-01-02"
"1248","2004-01-06"
"1249","2004-01-07"
"1250","2004-01-08"
"1251","2004-01-10"
"1252","2004-01-14"
"1253","2004-01-18"
"1254","2004-01-22"
"1255","2004-01-23"
"1256","2004-01-28"
"1257","2004-01-30"
"1258","2004-01-31"
"1259","2004-02-01"
"1260","2004-02-03"
"1261","2004-02-04"
"1262","2004-02-05"
"1263","2004-02-07"
"1264","2004-02-11"
"1265","2004-02-12"
"1266","2004-02-15"
"1267","2004-02-25"
"1268","2004-02-28"
"1269","2004-03-01"
"1270","2004-03-02"
"1271","2004-03-04"
"1272","2004-03-05"
"1273","2004-03-06"
"1274","2004-03-10"
"1275","2004-03-11"
"1276","2004-03-17"
"1277","2004-03-18"
"1278","2004-03-26"
"1279","2004-04-01"
"1280","2004-04-03"
"1281","2004-04-08"
"1282","2004-04-13"
"1283","2004-04-14"
"1284","2004-04-15"
"1285","2004-04-17"
"1286","2004-04-22"
"1287","2004-04-29"
"1288","2004-05-01"
"1289","2004-05-06"
"1290","2004-05-12"
"1291","2004-05-13"
"1292","2004-05-18"
"1293","2004-05-19"
"1294","2004-05-21"
"1295","2004-05-26"
"1296","2004-06-01"
"1297","2004-06-02"
"1298","2004-06-05"
"1299","2004-06-09"
"1300","2004-06-16"
"1301","2004-06-17"
"1302","2004-06-18"
"1303","2004-06-19"
"1304","2004-06-24"
"1305","2004-06-29"
"1306","2004-06-30"
"1307","2004-07-01"
"1308","2004-07-08"
"1309","2004-07-15"
"1310","2004-07-21"
"1311","2004-07-22"
"1312","2004-07-26"
"1313","2004-07-30"
"1314","2004-08-24"
"1315","2004-08-25"
"1316","2004-08-27"
"1317","2004-08-28"
"1318","2004-08-31"
"1319","2004-09-01"
"1320","2004-09-02"
"1321","2004-09-08"
"1322","2004-09-09"
"1323","2004-09-10"
"1324","2004-09-21"
"1325","2004-09-22"
"1326","2004-09-24"
"1327","2004-09-25"
"1328","2004-09-29"
"1329","2004-09-30"
"1330","2004-10-01"
"1331","2004-10-02"
"1332","2004-10-06"
"1333","2004-10-07"
"1334","2004-10-08"
"1335","2004-10-09"
"1336","2004-10-11"
"1337","2004-10-12"
"1338","2004-10-13"
"1339","2004-10-16"
"1340","2004-10-20"
"1341","2004-10-21"
"1342","2004-10-27"
"1343","2004-10-29"
"1344","2004-11-01"
"1345","2004-11-02"
"1346","2004-11-03"
"1347","2004-11-05"
"1348","2004-11-10"
"1349","2004-11-15"
"1350","2004-11-16"
"1351","2004-11-17"
"1352","2004-11-18"
"1353","2004-11-19"
"1354","2004-11-24"
"1355","2004-11-29"
"1356","2004-12-01"
"1357","2004-12-02"
"1358","2004-12-03"
"1359","2004-12-08"
"1360","2004-12-09"
"1361","2005-01-01"
"1362","2005-01-02"
"1363","2005-01-05"
"1364","2005-01-07"
"1365","2005-01-10"
"1366","2005-01-12"
"1367","2005-01-13"
"1368","2005-01-19"
"1369","2005-01-20"
"1370","2005-01-21"
"1371","2005-01-26"
"1372","2005-01-27"
"1373","2005-01-28"
"1374","2005-02-01"
"1375","2005-02-02"
"1376","2005-02-04"
"1377","2005-02-07"
"1378","2005-02-10"
"1379","2005-02-14"
"1380","2005-02-22"
"1381","2005-03-01"
"1382","2005-03-02"
"1383","2005-03-03"
"1384","2005-03-04"
"1385","2005-03-08"
"1386","2005-03-10"
"1387","2005-03-11"
"1388","2005-03-14"
"1389","2005-03-16"
"1390","2005-03-17"
"1391","2005-03-18"
"1392","2005-03-22"
"1393","2005-03-24"
"1394","2005-03-30"
"1395","2005-04-01"
"1396","2005-04-02"
"1397","2005-04-06"
"1398","2005-04-07"
"1399","2005-04-08"
"1400","2005-04-13"
"1401","2005-04-14"
"1402","2005-04-20"
"1403","2005-04-21"
"1404","2005-04-24"
"1405","2005-04-27"
"1406","2005-05-01"
"1407","2005-05-02"
"1408","2005-05-04"
"1409","2005-05-06"
"1410","2005-05-11"
"1411","2005-05-12"
"1412","2005-05-13"
"1413","2005-05-16"
"1414","2005-05-18"
"1415","2005-05-25"
"1416","2005-05-26"
"1417","2005-05-27"
"1418","2005-05-31"
"1419","2005-06-01"
"1420","2005-06-08"
"1421","2005-06-09"
"1422","2005-06-10"
"1423","2005-06-16"
"1424","2005-06-22"
"1425","2005-06-23"
"1426","2005-06-30"
"1427","2005-07-01"
"1428","2005-07-05"
"1429","2005-07-06"
"1430","2005-07-20"
"1431","2005-08-01"
"1432","2005-08-08"
"1433","2005-08-17"
"1434","2005-08-18"
"1435","2005-08-22"
"1436","2005-08-31"
"1437","2005-09-01"
"1438","2005-09-02"
"1439","2005-09-06"
"1440","2005-09-07"
"1441","2005-09-08"
"1442","2005-09-09"
"1443","2005-09-14"
"1444","2005-09-15"
"1445","2005-09-16"
"1446","2005-09-20"
"1447","2005-09-21"
"1448","2005-09-30"
"1449","2005-10-01"
"1450","2005-10-05"
"1451","2005-10-06"
"1452","2005-10-07"
"1453","2005-10-10"
"1454","2005-10-12"
"1455","2005-10-13"
"1456","2005-10-14"
"1457","2005-10-17"
"1458","2005-10-18"
"1459","2005-10-19"
"1460","2005-10-20"
"1461","2005-10-21"
"1462","2005-10-27"
"1463","2005-10-28"
"1464","2005-11-02"
"1465","2005-11-03"
"1466","2005-11-04"
"1467","2005-11-08"
"1468","2005-11-09"
"1469","2005-11-14"
"1470","2005-11-16"
"1471","2005-11-17"
"1472","2005-11-18"
"1473","2005-11-24"
"1474","2005-11-30"
"1475","2005-12-01"
"1476","2005-12-02"
"1477","2005-12-07"
"1478","2005-12-12"
"1479","2005-12-19"
"1480","2005-12-22"
"1481","2005-12-23"
"1482","2006-01-01"
"1483","2006-01-04"
"1484","2006-01-05"
"1485","2006-01-12"
"1486","2006-01-16"
"1487","2006-01-18"
"1488","2006-01-20"
"1489","2006-01-25"
"1490","2006-01-26"
"1491","2006-02-01"
"1492","2006-02-02"
"1493","2006-02-08"
"1494","2006-02-16"
"1495","2006-02-21"
"1496","2006-02-22"
"1497","2006-02-27"
"1498","2006-03-01"
"1499","2006-03-03"
"1500","2006-03-08"
"1501","2006-03-09"
"1502","2006-03-14"
"1503","2006-03-15"
"1504","2006-03-16"
"1505","2006-03-19"
"1506","2006-03-22"
"1507","2006-03-23"
"1508","2006-03-27"
"1509","2006-03-29"
"1510","2006-03-30"
"1511","2006-04-03"
"1512","2006-04-05"
"1513","2006-04-06"
"1514","2006-04-07"
"1515","2006-04-12"
"1516","2006-04-13"
"1517","2006-04-15"
"1518","2006-04-18"
"1519","2006-04-21"
"1520","2006-04-26"
"1521","2006-04-27"
"1522","2006-04-28"
"1523","2006-04-30"
"1524","2006-05-01"
"1525","2006-05-02"
"1526","2006-05-03"
"1527","2006-05-04"
"1528","2006-05-05"
"1529","2006-05-10"
"1530","2006-05-11"
"1531","2006-05-15"
"1532","2006-05-16"
"1533","2006-05-17"
"1534","2006-05-18"
"1535","2006-05-22"
"1536","2006-05-25"
"1537","2006-06-02"
"1538","2006-06-03"
"1539","2006-06-07"
"1540","2006-06-08"
"1541","2006-06-13"
"1542","2006-06-14"
"1543","2006-06-15"
"1544","2006-06-16"
"1545","2006-06-21"
"1546","2006-06-22"
"1547","2006-06-30"
"1548","2006-07-01"
"1549","2006-07-02"
"1550","2006-07-03"
"1551","2006-07-06"
"1552","2006-07-10"
"1553","2006-07-31"
"1554","2006-08-01"
"1555","2006-08-07"
"1556","2006-08-16"
"1557","2006-08-17"
"1558","2006-08-18"
"1559","2006-08-23"
"1560","2006-08-24"
"1561","2006-08-25"
"1562","2006-08-31"
"1563","2006-09-01"
"1564","2006-09-05"
"1565","2006-09-06"
"1566","2006-09-07"
"1567","2006-09-08"
"1568","2006-09-11"
"1569","2006-09-13"
"1570","2006-09-14"
"1571","2006-09-15"
"1572","2006-09-19"
"1573","2006-09-20"
"1574","2006-09-21"
"1575","2006-09-28"
"1576","2006-09-29"
"1577","2006-10-01"
"1578","2006-10-04"
"1579","2006-10-05"
"1580","2006-10-06"
"1581","2006-10-11"
"1582","2006-10-12"
"1583","2006-10-17"
"1584","2006-10-18"
"1585","2006-10-19"
"1586","2006-10-20"
"1587","2006-10-23"
"1588","2006-10-24"
"1589","2006-10-25"
"1590","2006-10-26"
"1591","2006-10-28"
"1592","2006-11-01"
"1593","2006-11-03"
"1594","2006-11-07"
"1595","2006-11-08"
"1596","2006-11-09"
"1597","2006-11-15"
"1598","2006-11-16"
"1599","2006-11-20"
"1600","2006-11-21"
"1601","2006-11-30"
"1602","2006-12-01"
"1603","2006-12-06"
"1604","2006-12-07"
"1605","2006-12-21"
"1606","2006-12-27"
"1607","2007-01-01"
"1608","2007-01-03"
"1609","2007-01-04"
"1610","2007-01-10"
"1611","2007-01-11"
"1612","2007-01-12"
"1613","2007-01-18"
"1614","2007-01-24"
"1615","2007-01-25"
"1616","2007-01-31"
"1617","2007-02-01"
"1618","2007-02-02"
"1619","2007-02-03"
"1620","2007-02-05"
"1621","2007-02-14"
"1622","2007-02-15"
"1623","2007-02-21"
"1624","2007-02-22"
"1625","2007-02-28"
"1626","2007-03-01"
"1627","2007-03-02"
"1628","2007-03-07"
"1629","2007-03-08"
"1630","2007-03-14"
"1631","2007-03-15"
"1632","2007-03-19"
"1633","2007-03-21"
"1634","2007-03-22"
"1635","2007-03-26"
"1636","2007-03-27"
"1637","2007-03-28"
"1638","2007-03-29"
"1639","2007-04-01"
"1640","2007-04-04"
"1641","2007-04-05"
"1642","2007-04-12"
"1643","2007-04-13"
"1644","2007-04-18"
"1645","2007-04-19"
"1646","2007-04-20"
"1647","2007-04-21"
"1648","2007-04-25"
"1649","2007-04-26"
"1650","2007-04-27"
"1651","2007-04-29"
"1652","2007-05-02"
"1653","2007-05-03"
"1654","2007-05-10"
"1655","2007-05-11"
"1656","2007-05-16"
"1657","2007-05-23"
"1658","2007-05-25"
"1659","2007-06-01"
"1660","2007-06-04"
"1661","2007-06-06"
"1662","2007-06-07"
"1663","2007-06-13"
"1664","2007-06-14"
"1665","2007-06-15"
"1666","2007-06-16"
"1667","2007-06-20"
"1668","2007-06-21"
"1669","2007-06-22"
"1670","2007-06-26"
"1671","2007-06-27"
"1672","2007-06-28"
"1673","2007-07-04"
"1674","2007-07-11"
"1675","2007-07-12"
"1676","2007-08-04"
"1677","2007-08-15"
"1678","2007-08-16"
"1679","2007-08-22"
"1680","2007-08-23"
"1681","2007-08-24"
"1682","2007-09-01"
"1683","2007-09-03"
"1684","2007-09-04"
"1685","2007-09-05"
"1686","2007-09-06"
"1687","2007-09-07"
"1688","2007-09-11"
"1689","2007-09-13"
"1690","2007-09-17"
"1691","2007-09-19"
"1692","2007-09-20"
"1693","2007-09-27"
"1694","2007-09-28"
"1695","2007-09-29"
"1696","2007-10-01"
"1697","2007-10-02"
"1698","2007-10-03"
"1699","2007-10-04"
"1700","2007-10-05"
"1701","2007-10-11"
"1702","2007-10-17"
"1703","2007-10-18"
"1704","2007-10-22"
"1705","2007-10-24"
"1706","2007-10-26"
"1707","2007-10-30"
"1708","2007-10-31"
"1709","2007-11-01"
"1710","2007-11-08"
"1711","2007-11-12"
"1712","2007-11-14"
"1713","2007-11-15"
"1714","2007-11-20"
"1715","2007-11-21"
"1716","2007-11-22"
"1717","2007-12-01"
"1718","2007-12-05"
"1719","2007-12-06"
"1720","2007-12-07"
"1721","2007-12-12"
"1722","2007-12-21"
"1723","2008-01-03"
"1724","2008-01-09"
"1725","2008-01-10"
"1726","2008-01-17"
"1727","2008-01-23"
"1728","2008-01-24"
"1729","2008-01-30"
"1730","2008-02-01"
"1731","2008-02-06"
"1732","2008-02-07"
"1733","2008-02-13"
"1734","2008-02-14"
"1735","2008-02-21"
"1736","2008-02-27"
"1737","2008-02-29"
"1738","2008-03-05"
"1739","2008-03-06"
"1740","2008-03-12"
"1741","2008-03-13"
"1742","2008-03-17"
"1743","2008-03-19"
"1744","2008-03-20"
"1745","2008-03-24"
"1746","2008-03-26"
"1747","2008-03-27"
"1748","2008-04-01"
"1749","2008-04-02"
"1750","2008-04-03"
"1751","2008-04-09"
"1752","2008-04-10"
"1753","2008-04-11"
"1754","2008-04-16"
"1755","2008-04-17"
"1756","2008-04-23"
"1757","2008-04-24"
"1758","2008-04-29"
"1759","2008-04-30"
"1760","2008-05-01"
"1761","2008-05-02"
"1762","2008-05-07"
"1763","2008-05-15"
"1764","2008-05-21"
"1765","2008-05-22"
"1766","2008-05-26"
"1767","2008-05-28"
"1768","2008-05-30"
"1769","2008-06-01"
"1770","2008-06-02"
"1771","2008-06-04"
"1772","2008-06-05"
"1773","2008-06-06"
"1774","2008-06-09"
"1775","2008-06-10"
"1776","2008-06-12"
"1777","2008-06-16"
"1778","2008-06-18"
"1779","2008-06-19"
"1780","2008-06-20"
"1781","2008-06-27"
"1782","2008-06-30"
"1783","2008-07-01"
"1784","2008-07-03"
"1785","2008-07-04"
"1786","2008-07-09"
"1787","2008-08-21"
"1788","2008-08-25"
"1789","2008-08-27"
"1790","2008-08-29"
"1791","2008-09-01"
"1792","2008-09-04"
"1793","2008-09-05"
"1794","2008-09-08"
"1795","2008-09-10"
"1796","2008-09-11"
"1797","2008-09-17"
"1798","2008-09-24"
"1799","2008-09-25"
"1800","2008-10-01"
"1801","2008-10-02"
"1802","2008-10-03"
"1803","2008-10-09"
"1804","2008-10-13"
"1805","2008-10-15"
"1806","2008-10-16"
"1807","2008-10-17"
"1808","2008-10-20"
"1809","2008-10-22"
"1810","2008-10-23"
"1811","2008-10-24"
"1812","2008-10-29"
"1813","2008-10-31"
"1814","2008-11-04"
"1815","2008-11-05"
"1816","2008-11-06"
"1817","2008-11-07"
"1818","2008-11-12"
"1819","2008-11-13"
"1820","2008-11-14"
"1821","2008-11-17"
"1822","2008-11-19"
"1823","2008-11-20"
"1824","2008-11-21"
"1825","2008-11-26"
"1826","2008-11-27"
"1827","2008-11-28"
"1828","2008-11-29"
"1829","2008-12-03"
"1830","2008-12-04"
"1831","2008-12-05"
"1832","2008-12-16"
"1833","2009-01-01"
"1834","2009-01-05"
"1835","2009-01-07"
"1836","2009-01-08"
"1837","2009-01-09"
"1838","2009-01-12"
"1839","2009-01-14"
"1840","2009-01-19"
"1841","2009-01-20"
"1842","2009-01-21"
"1843","2009-01-22"
"1844","2009-01-27"
"1845","2009-01-28"
"1846","2009-01-29"
"1847","2009-02-01"
"1848","2009-02-03"
"1849","2009-02-04"
"1850","2009-02-05"
"1851","2009-02-06"
"1852","2009-02-11"
"1853","2009-02-12"
"1854","2009-02-18"
"1855","2009-02-19"
"1856","2009-02-22"
"1857","2009-02-25"
"1858","2009-02-26"
"1859","2009-03-01"
"1860","2009-03-02"
"1861","2009-03-04"
"1862","2009-03-05"
"1863","2009-03-06"
"1864","2009-03-09"
"1865","2009-03-11"
"1866","2009-03-12"
"1867","2009-03-13"
"1868","2009-03-18"
"1869","2009-03-19"
"1870","2009-03-20"
"1871","2009-03-24"
"1872","2009-03-26"
"1873","2009-03-30"
"1874","2009-04-01"
"1875","2009-04-02"
"1876","2009-04-08"
"1877","2009-04-09"
"1878","2009-04-10"
"1879","2009-04-14"
"1880","2009-04-15"
"1881","2009-04-17"
"1882","2009-04-20"
"1883","2009-04-21"
"1884","2009-04-22"
"1885","2009-04-23"
"1886","2009-04-29"
"1887","2009-04-30"
"1888","2009-05-01"
"1889","2009-05-06"
"1890","2009-05-07"
"1891","2009-05-13"
"1892","2009-05-14"
"1893","2009-05-15"
"1894","2009-05-18"
"1895","2009-05-19"
"1896","2009-05-20"
"1897","2009-05-22"
"1898","2009-05-25"
"1899","2009-05-26"
"1900","2009-06-03"
"1901","2009-06-04"
"1902","2009-06-09"
"1903","2009-06-10"
"1904","2009-06-11"
"1905","2009-06-12"
"1906","2009-06-18"
"1907","2009-06-24"
"1908","2009-06-25"
"1909","2009-07-01"
"1910","2009-07-02"
"1911","2009-07-08"
"1912","2009-07-17"
"1913","2009-07-19"
"1914","2009-08-13"
"1915","2009-08-19"
"1916","2009-08-24"
"1917","2009-08-26"
"1918","2009-08-27"
"1919","2009-09-01"
"1920","2009-09-02"
"1921","2009-09-03"
"1922","2009-09-04"
"1923","2009-09-07"
"1924","2009-09-09"
"1925","2009-09-10"
"1926","2009-09-15"
"1927","2009-09-16"
"1928","2009-09-17"
"1929","2009-09-23"
"1930","2009-09-24"
"1931","2009-09-25"
"1932","2009-09-30"
"1933","2009-10-01"
"1934","2009-10-03"
"1935","2009-10-07"
"1936","2009-10-08"
"1937","2009-10-09"
"1938","2009-10-13"
"1939","2009-10-14"
"1940","2009-10-15"
"1941","2009-10-21"
"1942","2009-10-22"
"1943","2009-10-28"
"1944","2009-10-30"
"1945","2009-11-04"
"1946","2009-11-05"
"1947","2009-11-09"
"1948","2009-11-10"
"1949","2009-11-12"
"1950","2009-11-13"
"1951","2009-11-16"
"1952","2009-11-18"
"1953","2009-11-19"
"1954","2009-11-20"
"1955","2009-11-25"
"1956","2009-11-26"
"1957","2009-11-28"
"1958","2009-12-04"
"1959","2009-12-08"
"1960","2010-01-01"
"1961","2010-01-05"
"1962","2010-01-06"
"1963","2010-01-07"
"1964","2010-01-11"
"1965","2010-01-12"
"1966","2010-01-13"
"1967","2010-01-14"
"1968","2010-01-20"
"1969","2010-01-21"
"1970","2010-01-26"
"1971","2010-01-27"
"1972","2010-01-28"
"1973","2010-02-01"
"1974","2010-02-03"
"1975","2010-02-04"
"1976","2010-02-17"
"1977","2010-02-18"
"1978","2010-02-23"
"1979","2010-02-28"
"1980","2010-03-03"
"1981","2010-03-04"
"1982","2010-03-05"
"1983","2010-03-10"
"1984","2010-03-11"
"1985","2010-03-16"
"1986","2010-03-17"
"1987","2010-03-22"
"1988","2010-03-23"
"1989","2010-03-24"
"1990","2010-03-25"
"1991","2010-04-01"
"1992","2010-04-02"
"1993","2010-04-06"
"1994","2010-04-07"
"1995","2010-04-08"
"1996","2010-04-09"
"1997","2010-04-13"
"1998","2010-04-14"
"1999","2010-04-15"
"2000","2010-04-22"
"2001","2010-04-28"
"2002","2010-04-29"
"2003","2010-04-30"
"2004","2010-05-01"
"2005","2010-05-04"
"2006","2010-05-05"
"2007","2010-05-06"
"2008","2010-05-07"
"2009","2010-05-08"
"2010","2010-05-12"
"2011","2010-05-14"
"2012","2010-05-17"
"2013","2010-05-18"
"2014","2010-05-19"
"2015","2010-05-20"
"2016","2010-05-21"
"2017","2010-05-25"
"2018","2010-06-02"
"2019","2010-06-03"
"2020","2010-06-10"
"2021","2010-06-15"
"2022","2010-06-17"
"2023","2010-06-18"
"2024","2010-06-20"
"2025","2010-06-23"
"2026","2010-06-24"
"2027","2010-06-30"
"2028","2010-07-01"
"2029","2010-07-07"
"2030","2010-07-08"
"2031","2010-07-15"
"2032","2010-07-16"
"2033","2010-07-21"
"2034","2010-07-23"
"2035","2010-08-06"
"2036","2010-08-09"
"2037","2010-08-15"
"2038","2010-08-18"
"2039","2010-08-19"
"2040","2010-08-20"
"2041","2010-08-23"
"2042","2010-08-24"
"2043","2010-08-25"
"2044","2010-08-26"
"2045","2010-08-27"
"2046","2010-09-01"
"2047","2010-09-02"
"2048","2010-09-03"
"2049","2010-09-08"
"2050","2010-09-09"
"2051","2010-09-11"
"2052","2010-09-15"
"2053","2010-09-16"
"2054","2010-09-17"
"2055","2010-09-22"
"2056","2010-09-23"
"2057","2010-09-24"
"2058","2010-09-29"
"2059","2010-09-30"
"2060","2010-10-01"
"2061","2010-10-05"
"2062","2010-10-06"
"2063","2010-10-07"
"2064","2010-10-09"
"2065","2010-10-11"
"2066","2010-10-13"
"2067","2010-10-14"
"2068","2010-10-15"
"2069","2010-10-20"
"2070","2010-10-21"
"2071","2010-10-23"
"2072","2010-10-26"
"2073","2010-10-27"
"2074","2010-10-28"
"2075","2010-10-29"
"2076","2010-10-30"
"2077","2010-11-02"
"2078","2010-11-03"
"2079","2010-11-04"
"2080","2010-11-05"
"2081","2010-11-06"
"2082","2010-11-09"
"2083","2010-11-10"
"2084","2010-11-16"
"2085","2010-11-17"
"2086","2010-11-18"
"2087","2010-11-19"
"2088","2010-11-24"
"2089","2010-11-25"
"2090","2010-12-01"
"2091","2010-12-16"
"2092","2010-12-20"
"2093","2011-01-01"
"2094","2011-01-05"
"2095","2011-01-06"
"2096","2011-01-07"
"2097","2011-01-08"
"2098","2011-01-11"
"2099","2011-01-12"
"2100","2011-01-13"
"2101","2011-01-14"
"2102","2011-01-19"
"2103","2011-01-20"
"2104","2011-01-26"
"2105","2011-01-27"
"2106","2011-02-01"
"2107","2011-02-02"
"2108","2011-02-03"
"2109","2011-02-09"
"2110","2011-02-10"
"2111","2011-02-16"
"2112","2011-02-17"
"2113","2011-02-23"
"2114","2011-02-24"
"2115","2011-02-25"
"2116","2011-02-26"
"2117","2011-02-28"
"2118","2011-03-02"
"2119","2011-03-03"
"2120","2011-03-04"
"2121","2011-03-08"
"2122","2011-03-09"
"2123","2011-03-10"
"2124","2011-03-11"
"2125","2011-03-12"
"2126","2011-03-14"
"2127","2011-03-15"
"2128","2011-03-16"
"2129","2011-03-17"
"2130","2011-03-21"
"2131","2011-03-23"
"2132","2011-03-24"
"2133","2011-03-25"
"2134","2011-03-30"
"2135","2011-03-31"
"2136","2011-04-01"
"2137","2011-04-04"
"2138","2011-04-05"
"2139","2011-04-06"
"2140","2011-04-07"
"2141","2011-04-08"
"2142","2011-04-13"
"2143","2011-04-14"
"2144","2011-04-20"
"2145","2011-04-21"
"2146","2011-04-23"
"2147","2011-04-26"
"2148","2011-04-27"
"2149","2011-04-29"
"2150","2011-05-01"
"2151","2011-05-03"
"2152","2011-05-04"
"2153","2011-05-05"
"2154","2011-05-06"
"2155","2011-05-07"
"2156","2011-05-10"
"2157","2011-05-13"
"2158","2011-05-16"
"2159","2011-05-19"
"2160","2011-05-22"
"2161","2011-05-23"
"2162","2011-05-25"
"2163","2011-05-26"
"2164","2011-05-27"
"2165","2011-05-31"
"2166","2011-06-01"
"2167","2011-06-06"
"2168","2011-06-09"
"2169","2011-06-14"
"2170","2011-06-17"
"2171","2011-06-22"
"2172","2011-06-23"
"2173","2011-06-29"
"2174","2011-07-01"
"2175","2011-07-05"
"2176","2011-07-08"
"2177","2011-07-11"
"2178","2011-07-13"
"2179","2011-07-20"
"2180","2011-08-03"
"2181","2011-08-09"
"2182","2011-08-11"
"2183","2011-08-17"
"2184","2011-08-18"
"2185","2011-08-22"
"2186","2011-08-24"
"2187","2011-08-25"
"2188","2011-08-26"
"2189","2011-08-31"
"2190","2011-09-01"
"2191","2011-09-02"
"2192","2011-09-06"
"2193","2011-09-07"
"2194","2011-09-14"
"2195","2011-09-15"
"2196","2011-09-17"
"2197","2011-09-21"
"2198","2011-09-22"
"2199","2011-09-26"
"2200","2011-09-27"
"2201","2011-09-28"
"2202","2011-09-29"
"2203","2011-10-01"
"2204","2011-10-05"
"2205","2011-10-06"
"2206","2011-10-07"
"2207","2011-10-08"
"2208","2011-10-10"
"2209","2011-10-12"
"2210","2011-10-13"
"2211","2011-10-15"
"2212","2011-10-18"
"2213","2011-10-19"
"2214","2011-10-20"
"2215","2011-10-21"
"2216","2011-10-26"
"2217","2011-10-27"
"2218","2011-11-01"
"2219","2011-11-02"
"2220","2011-11-03"
"2221","2011-11-04"
"2222","2011-11-08"
"2223","2011-11-09"
"2224","2011-11-10"
"2225","2011-11-17"
"2226","2011-11-18"
"2227","2011-11-19"
"2228","2011-11-24"
"2229","2011-11-25"
"2230","2011-11-30"
"2231","2011-12-01"
"2232","2011-12-02"
"2233","2011-12-07"
"2234","2011-12-12"
"2235","2011-12-16"
"2236","2011-12-18"
"2237","2011-12-20"
"2238","2011-12-22"
"2239","2011-12-30"
"2240","2012-01-01"
"2241","2012-01-04"
"2242","2012-01-05"
"2243","2012-01-09"
"2244","2012-01-11"
"2245","2012-01-12"
"2246","2012-01-13"
"2247","2012-01-16"
"2248","2012-01-17"
"2249","2012-01-18"
"2250","2012-01-19"
"2251","2012-01-20"
"2252","2012-01-24"
"2253","2012-01-25"
"2254","2012-01-26"
"2255","2012-01-27"
"2256","2012-02-01"
"2257","2012-02-02"
"2258","2012-02-03"
"2259","2012-02-08"
"2260","2012-02-09"
"2261","2012-02-13"
"2262","2012-02-16"
"2263","2012-02-20"
"2264","2012-02-21"
"2265","2012-02-22"
"2266","2012-02-23"
"2267","2012-02-25"
"2268","2012-02-29"
"2269","2012-03-01"
"2270","2012-03-03"
"2271","2012-03-05"
"2272","2012-03-06"
"2273","2012-03-07"
"2274","2012-03-08"
"2275","2012-03-10"
"2276","2012-03-12"
"2277","2012-03-14"
"2278","2012-03-15"
"2279","2012-03-16"
"2280","2012-03-21"
"2281","2012-03-22"
"2282","2012-03-23"
"2283","2012-03-28"
"2284","2012-03-29"
"2285","2012-03-30"
"2286","2012-03-31"
"2287","2012-04-01"
"2288","2012-04-03"
"2289","2012-04-04"
"2290","2012-04-05"
"2291","2012-04-08"
"2292","2012-04-09"
"2293","2012-04-11"
"2294","2012-04-14"
"2295","2012-04-18"
"2296","2012-04-19"
"2297","2012-04-20"
"2298","2012-04-21"
"2299","2012-04-24"
"2300","2012-04-25"
"2301","2012-04-27"
"2302","2012-04-28"
"2303","2012-05-01"
"2304","2012-05-02"
"2305","2012-05-03"
"2306","2012-05-04"
"2307","2012-05-07"
"2308","2012-05-08"
"2309","2012-05-09"
"2310","2012-05-10"
"2311","2012-05-11"
"2312","2012-05-15"
"2313","2012-05-16"
"2314","2012-05-17"
"2315","2012-05-18"
"2316","2012-05-22"
"2317","2012-05-23"
"2318","2012-05-24"
"2319","2012-05-25"
"2320","2012-05-30"
"2321","2012-05-31"
"2322","2012-06-01"
"2323","2012-06-07"
"2324","2012-06-08"
"2325","2012-06-09"
"2326","2012-06-12"
"2327","2012-06-14"
"2328","2012-06-15"
"2329","2012-06-20"
"2330","2012-06-21"
"2331","2012-06-22"
"2332","2012-06-23"
"2333","2012-06-25"
"2334","2012-07-03"
"2335","2012-07-04"
"2336","2012-07-05"
"2337","2012-07-06"
"2338","2012-07-13"
"2339","2012-07-14"
"2340","2012-07-25"
"2341","2012-07-31"
"2342","2012-08-01"
"2343","2012-08-10"
"2344","2012-08-16"
"2345","2012-08-17"
"2346","2012-08-19"
"2347","2012-08-22"
"2348","2012-08-23"
"2349","2012-08-25"
"2350","2012-08-29"
"2351","2012-08-30"
"2352","2012-09-01"
"2353","2012-09-04"
"2354","2012-09-05"
"2355","2012-09-07"
"2356","2012-09-11"
"2357","2012-09-13"
"2358","2012-09-17"
"2359","2012-09-19"
"2360","2012-09-20"
"2361","2012-09-21"
"2362","2012-09-26"
"2363","2012-09-27"
"2364","2012-09-28"
"2365","2012-10-01"
"2366","2012-10-03"
"2367","2012-10-04"
"2368","2012-10-05"
"2369","2012-10-06"
"2370","2012-10-09"
"2371","2012-10-11"
"2372","2012-10-12"
"2373","2012-10-13"
"2374","2012-10-17"
"2375","2012-10-18"
"2376","2012-10-24"
"2377","2012-10-25"
"2378","2012-10-26"
"2379","2012-10-31"
"2380","2012-11-01"
"2381","2012-11-02"
"2382","2012-11-03"
"2383","2012-11-06"
"2384","2012-11-07"
"2385","2012-11-08"
"2386","2012-11-09"
"2387","2012-11-10"
"2388","2012-11-12"
"2389","2012-11-14"
"2390","2012-11-15"
"2391","2012-11-16"
"2392","2012-11-17"
"2393","2012-11-18"
"2394","2012-11-19"
"2395","2012-11-21"
"2396","2012-11-22"
"2397","2012-11-23"
"2398","2012-11-25"
"2399","2012-11-26"
"2400","2012-11-28"
"2401","2012-11-30"
"2402","2012-12-01"
"2403","2012-12-03"
"2404","2012-12-05"
"2405","2012-12-06"
"2406","2012-12-07"
"2407","2012-12-11"
"2408","2012-12-18"
"2409","2012-12-19"
"2410","2012-12-20"
"2411","2012-12-31"
"2412","2013-01-01"
"2413","2013-01-02"
"2414","2013-01-03"
"2415","2013-01-04"
"2416","2013-01-07"
"2417","2013-01-09"
"2418","2013-01-10"
"2419","2013-01-11"
"2420","2013-01-12"
"2421","2013-01-15"
"2422","2013-01-16"
"2423","2013-01-18"
"2424","2013-01-21"
"2425","2013-01-24"
"2426","2013-01-30"
"2427","2013-01-31"
"2428","2013-02-01"
"2429","2013-02-04"
"2430","2013-02-05"
"2431","2013-02-06"
"2432","2013-02-07"
"2433","2013-02-08"
"2434","2013-02-09"
"2435","2013-02-14"
"2436","2013-02-17"
"2437","2013-02-19"
"2438","2013-02-20"
"2439","2013-02-21"
"2440","2013-02-23"
"2441","2013-02-25"
"2442","2013-02-27"
"2443","2013-02-28"
"2444","2013-03-01"
"2445","2013-03-04"
"2446","2013-03-06"
"2447","2013-03-07"
"2448","2013-03-09"
"2449","2013-03-10"
"2450","2013-03-11"
"2451","2013-03-12"
"2452","2013-03-13"
"2453","2013-03-14"
"2454","2013-03-15"
"2455","2013-03-19"
"2456","2013-03-20"
"2457","2013-03-21"
"2458","2013-03-22"
"2459","2013-03-26"
"2460","2013-03-27"
"2461","2013-03-28"
"2462","2013-03-29"
"2463","2013-04-01"
"2464","2013-04-02"
"2465","2013-04-03"
"2466","2013-04-04"
"2467","2013-04-05"
"2468","2013-04-08"
"2469","2013-04-09"
"2470","2013-04-10"
"2471","2013-04-11"
"2472","2013-04-12"
"2473","2013-04-15"
"2474","2013-04-17"
"2475","2013-04-18"
"2476","2013-04-19"
"2477","2013-04-20"
"2478","2013-04-23"
"2479","2013-04-24"
"2480","2013-04-25"
"2481","2013-04-26"
"2482","2013-04-27"
"2483","2013-04-30"
"2484","2013-05-01"
"2485","2013-05-02"
"2486","2013-05-07"
"2487","2013-05-08"
"2488","2013-05-10"
"2489","2013-05-14"
"2490","2013-05-16"
"2491","2013-05-17"
"2492","2013-05-21"
"2493","2013-05-23"
"2494","2013-05-24"
"2495","2013-05-28"
"2496","2013-05-30"
"2497","2013-06-01"
"2498","2013-06-03"
"2499","2013-06-04"
"2500","2013-06-05"
"2501","2013-06-06"
"2502","2013-06-07"
"2503","2013-06-12"
"2504","2013-06-13"
"2505","2013-06-19"
"2506","2013-06-20"
"2507","2013-06-24"
"2508","2013-06-26"
"2509","2013-06-27"
"2510","2013-06-28"
"2511","2013-07-03"
"2512","2013-07-05"
"2513","2013-07-10"
"2514","2013-07-12"
"2515","2013-07-15"
"2516","2013-07-17"
"2517","2013-07-19"
"2518","2013-07-23"
"2519","2013-07-25"
"2520","2013-07-26"
"2521","2013-07-31"
"2522","2013-08-01"
"2523","2013-08-08"
"2524","2013-08-09"
"2525","2013-08-15"
"2526","2013-08-21"
"2527","2013-08-22"
"2528","2013-08-23"
"2529","2013-08-24"
"2530","2013-08-26"
"2531","2013-08-28"
"2532","2013-08-29"
"2533","2013-08-30"
"2534","2013-08-31"
"2535","2013-09-01"
"2536","2013-09-03"
"2537","2013-09-04"
"2538","2013-09-05"
"2539","2013-09-07"
"2540","2013-09-09"
"2541","2013-09-10"
"2542","2013-09-11"
"2543","2013-09-12"
"2544","2013-09-13"
"2545","2013-09-14"
"2546","2013-09-16"
"2547","2013-09-17"
"2548","2013-09-18"
"2549","2013-09-19"
"2550","2013-09-20"
"2551","2013-09-21"
"2552","2013-09-23"
"2553","2013-09-24"
"2554","2013-09-25"
"2555","2013-09-26"
"2556","2013-09-27"
"2557","2013-09-28"
"2558","2013-10-01"
"2559","2013-10-02"
"2560","2013-10-03"
"2561","2013-10-04"
"2562","2013-10-05"
"2563","2013-10-07"
"2564","2013-10-09"
"2565","2013-10-10"
"2566","2013-10-11"
"2567","2013-10-15"
"2568","2013-10-16"
"2569","2013-10-17"
"2570","2013-10-18"
"2571","2013-10-23"
"2572","2013-10-24"
"2573","2013-10-25"
"2574","2013-10-30"
"2575","2013-10-31"
"2576","2013-11-01"
"2577","2013-11-06"
"2578","2013-11-07"
"2579","2013-11-08"
"2580","2013-11-13"
"2581","2013-11-14"
"2582","2013-11-15"
"2583","2013-11-18"
"2584","2013-11-20"
"2585","2013-11-21"
"2586","2013-11-22"
"2587","2013-11-25"
"2588","2013-11-27"
"2589","2013-11-28"
"2590","2013-11-29"
"2591","2013-11-30"
"2592","2013-12-01"
"2593","2013-12-02"
"2594","2013-12-04"
"2595","2013-12-05"
"2596","2013-12-06"
"2597","2013-12-11"
"2598","2013-12-13"
"2599","2013-12-16"
"2600","2014-01-01"
"2601","2014-01-02"
"2602","2014-01-03"
"2603","2014-01-04"
"2604","2014-01-06"
"2605","2014-01-07"
"2606","2014-01-08"
"2607","2014-01-09"
"2608","2014-01-13"
"2609","2014-01-15"
"2610","2014-01-16"
"2611","2014-01-20"
"2612","2014-01-21"
"2613","2014-01-22"
"2614","2014-01-23"
"2615","2014-01-24"
"2616","2014-01-29"
"2617","2014-01-30"
"2618","2014-01-31"
"2619","2014-02-01"
"2620","2014-02-04"
"2621","2014-02-05"
"2622","2014-02-06"
"2623","2014-02-08"
"2624","2014-02-10"
"2625","2014-02-12"
"2626","2014-02-13"
"2627","2014-02-15"
"2628","2014-02-17"
"2629","2014-02-19"
"2630","2014-02-20"
"2631","2014-02-24"
"2632","2014-02-27"
"2633","2014-03-01"
"2634","2014-03-05"
"2635","2014-03-06"
"2636","2014-03-07"
"2637","2014-03-10"
"2638","2014-03-11"
"2639","2014-03-12"
"2640","2014-03-13"
"2641","2014-03-14"
"2642","2014-03-15"
"2643","2014-03-20"
"2644","2014-03-21"
"2645","2014-03-22"
"2646","2014-03-25"
"2647","2014-03-26"
"2648","2014-03-27"
"2649","2014-03-29"
"2650","2014-03-31"
"2651","2014-04-01"
"2652","2014-04-02"
"2653","2014-04-03"
"2654","2014-04-04"
"2655","2014-04-07"
"2656","2014-04-09"
"2657","2014-04-10"
"2658","2014-04-11"
"2659","2014-04-15"
"2660","2014-04-16"
"2661","2014-04-17"
"2662","2014-04-18"
"2663","2014-04-22"
"2664","2014-04-23"
"2665","2014-04-24"
"2666","2014-04-25"
"2667","2014-04-30"
"2668","2014-05-01"
"2669","2014-05-02"
"2670","2014-05-06"
"2671","2014-05-07"
"2672","2014-05-09"
"2673","2014-05-13"
"2674","2014-05-14"
"2675","2014-05-15"
"2676","2014-05-21"
"2677","2014-05-22"
"2678","2014-05-27"
"2679","2014-05-28"
"2680","2014-06-02"
"2681","2014-06-04"
"2682","2014-06-05"
"2683","2014-06-08"
"2684","2014-06-10"
"2685","2014-06-11"
"2686","2014-06-12"
"2687","2014-06-13"
"2688","2014-06-14"
"2689","2014-06-18"
"2690","2014-06-19"
"2691","2014-06-20"
"2692","2014-06-21"
"2693","2014-06-22"
"2694","2014-06-25"
"2695","2014-06-26"
"2696","2014-06-30"
"2697","2014-07-01"
"2698","2014-07-02"
"2699","2014-07-03"
"2700","2014-07-04"
"2701","2014-07-09"
"2702","2014-07-10"
"2703","2014-07-14"
"2704","2014-07-15"
"2705","2014-07-16"
"2706","2014-07-17"
"2707","2014-07-18"
"2708","2014-07-21"
"2709","2014-07-26"
"2710","2014-07-29"
"2711","2014-07-31"
"2712","2014-08-01"
"2713","2014-08-07"
"2714","2014-08-13"
"2715","2014-08-14"
"2716","2014-08-20"
"2717","2014-08-21"
"2718","2014-08-22"
"2719","2014-08-23"
"2720","2014-08-27"
"2721","2014-08-28"
"2722","2014-09-01"
"2723","2014-09-03"
"2724","2014-09-04"
"2725","2014-09-10"
"2726","2014-09-11"
"2727","2014-09-12"
"2728","2014-09-15"
"2729","2014-09-17"
"2730","2014-09-18"
"2731","2014-09-19"
"2732","2014-09-23"
"2733","2014-09-24"
"2734","2014-09-25"
"2735","2014-10-01"
"2736","2014-10-02"
"2737","2014-10-03"
"2738","2014-10-04"
"2739","2014-10-07"
"2740","2014-10-08"
"2741","2014-10-09"
"2742","2014-10-10"
"2743","2014-10-15"
"2744","2014-10-16"
"2745","2014-10-20"
"2746","2014-10-21"
"2747","2014-10-22"
"2748","2014-10-23"
"2749","2014-10-24"
"2750","2014-10-29"
"2751","2014-10-30"
"2752","2014-10-31"
"2753","2014-11-01"
"2754","2014-11-04"
"2755","2014-11-05"
"2756","2014-11-06"
"2757","2014-11-07"
"2758","2014-11-12"
"2759","2014-11-13"
"2760","2014-11-14"
"2761","2014-11-15"
"2762","2014-11-17"
"2763","2014-11-18"
"2764","2014-11-19"
"2765","2014-11-20"
"2766","2014-11-21"
"2767","2014-11-24"
"2768","2014-11-25"
"2769","2014-11-26"
"2770","2014-11-27"
"2771","2014-11-28"
"2772","2014-12-01"
"2773","2014-12-03"
"2774","2014-12-04"
"2775","2014-12-05"
"2776","2014-12-11"
"2777","2014-12-12"
"2778","2014-12-16"
"2779","2014-12-25"
"2780","2014-12-26"
"2781","2014-12-31"
"2782","2015-01-01"
"2783","2015-01-02"
"2784","2015-01-03"
"2785","2015-01-06"
"2786","2015-01-07"
"2787","2015-01-08"
"2788","2015-01-09"
"2789","2015-01-13"
"2790","2015-01-14"
"2791","2015-01-15"
"2792","2015-01-16"
"2793","2015-01-18"
"2794","2015-01-20"
"2795","2015-01-21"
"2796","2015-01-22"
"2797","2015-01-23"
"2798","2015-01-28"
"2799","2015-01-29"
"2800","2015-01-30"
"2801","2015-02-01"
"2802","2015-02-02"
"2803","2015-02-03"
"2804","2015-02-04"
"2805","2015-02-05"
"2806","2015-02-06"
"2807","2015-02-09"
"2808","2015-02-11"
"2809","2015-02-12"
"2810","2015-02-13"
"2811","2015-02-17"
"2812","2015-02-18"
"2813","2015-02-19"
"2814","2015-02-20"
"2815","2015-02-21"
"2816","2015-02-24"
"2817","2015-02-25"
"2818","2015-02-26"
"2819","2015-02-27"
"2820","2015-03-01"
"2821","2015-03-02"
"2822","2015-03-03"
"2823","2015-03-04"
"2824","2015-03-05"
"2825","2015-03-06"
"2826","2015-03-10"
"2827","2015-03-11"
"2828","2015-03-12"
"2829","2015-03-13"
"2830","2015-03-17"
"2831","2015-03-18"
"2832","2015-03-19"
"2833","2015-03-20"
"2834","2015-03-23"
"2835","2015-03-25"
"2836","2015-03-26"
"2837","2015-03-27"
"2838","2015-03-28"
"2839","2015-03-31"
"2840","2015-04-01"
"2841","2015-04-02"
"2842","2015-04-03"
"2843","2015-04-08"
"2844","2015-04-09"
"2845","2015-04-10"
"2846","2015-04-11"
"2847","2015-04-12"
"2848","2015-04-14"
"2849","2015-04-15"
"2850","2015-04-16"
"2851","2015-04-17"
"2852","2015-04-22"
"2853","2015-04-23"
"2854","2015-04-24"
"2855","2015-04-29"
"2856","2015-04-30"
"2857","2015-05-01"
"2858","2015-05-04"
"2859","2015-05-05"
"2860","2015-05-06"
"2861","2015-05-07"
"2862","2015-05-12"
"2863","2015-05-13"
"2864","2015-05-14"
"2865","2015-05-15"
"2866","2015-05-17"
"2867","2015-05-18"
"2868","2015-05-20"
"2869","2015-05-21"
"2870","2015-05-25"
"2871","2015-05-27"
"2872","2015-05-28"
"2873","2015-05-29"
"2874","2015-05-30"
"2875","2015-06-01"
"2876","2015-06-02"
"2877","2015-06-03"
"2878","2015-06-04"
"2879","2015-06-05"
"2880","2015-06-09"
"2881","2015-06-10"
"2882","2015-06-11"
"2883","2015-06-12"
"2884","2015-06-15"
"2885","2015-06-17"
"2886","2015-06-18"
"2887","2015-06-19"
"2888","2015-06-20"
"2889","2015-06-23"
"2890","2015-06-24"
"2891","2015-06-25"
"2892","2015-06-30"
"2893","2015-07-01"
"2894","2015-07-02"
"2895","2015-07-03"
"2896","2015-07-06"
"2897","2015-07-08"
"2898","2015-07-10"
"2899","2015-07-15"
"2900","2015-07-16"
"2901","2015-07-21"
"2902","2015-07-22"
"2903","2015-07-24"
"2904","2015-07-28"
"2905","2015-07-29"
"2906","2015-07-30"
"2907","2015-07-31"
"2908","2015-08-06"
"2909","2015-08-07"
"2910","2015-08-11"
"2911","2015-08-12"
"2912","2015-08-15"
"2913","2015-08-17"
"2914","2015-08-19"
"2915","2015-08-20"
"2916","2015-08-21"
"2917","2015-08-26"
"2918","2015-08-27"
"2919","2015-08-28"
"2920","2015-08-30"
"2921","2015-08-31"
"2922","2015-09-01"
"2923","2015-09-02"
"2924","2015-09-03"
"2925","2015-09-04"
"2926","2015-09-07"
"2927","2015-09-08"
"2928","2015-09-09"
"2929","2015-09-10"
"2930","2015-09-11"
"2931","2015-09-14"
"2932","2015-09-15"
"2933","2015-09-16"
"2934","2015-09-17"
"2935","2015-09-18"
"2936","2015-09-21"
"2937","2015-09-22"
"2938","2015-09-23"
"2939","2015-09-24"
"2940","2015-09-25"
"2941","2015-09-30"
"2942","2015-10-01"
"2943","2015-10-02"
"2944","2015-10-03"
"2945","2015-10-04"
"2946","2015-10-05"
"2947","2015-10-06"
"2948","2015-10-07"
"2949","2015-10-08"
"2950","2015-10-09"
"2951","2015-10-14"
"2952","2015-10-15"
"2953","2015-10-16"
"2954","2015-10-19"
"2955","2015-10-20"
"2956","2015-10-21"
"2957","2015-10-22"
"2958","2015-10-23"
"2959","2015-10-27"
"2960","2015-10-28"
"2961","2015-10-29"
"2962","2015-10-30"
"2963","2015-11-01"
"2964","2015-11-02"
"2965","2015-11-03"
"2966","2015-11-04"
"2967","2015-11-05"
"2968","2015-11-06"
"2969","2015-11-09"
"2970","2015-11-10"
"2971","2015-11-11"
"2972","2015-11-12"
"2973","2015-11-13"
"2974","2015-11-15"
"2975","2015-11-16"
"2976","2015-11-17"
"2977","2015-11-18"
"2978","2015-11-20"
"2979","2015-11-21"
"2980","2015-11-23"
"2981","2015-11-24"
"2982","2015-11-25"
"2983","2015-11-26"
"2984","2015-11-27"
"2985","2015-11-30"
"2986","2015-12-01"
"2987","2015-12-02"
"2988","2015-12-03"
"2989","2015-12-04"
"2990","2015-12-07"
"2991","2015-12-11"
"2992","2015-12-14"
"2993","2015-12-15"
"2994","2015-12-16"
"2995","2015-12-17"
"2996","2016-01-01"
"2997","2016-01-04"
"2998","2016-01-05"
"2999","2016-01-06"
"3000","2016-01-07"
"3001","2016-01-09"
"3002","2016-01-11"
"3003","2016-01-13"
"3004","2016-01-14"
"3005","2016-01-15"
"3006","2016-01-18"
"3007","2016-01-19"
"3008","2016-01-20"
"3009","2016-01-21"
"3010","2016-01-22"
"3011","2016-01-25"
"3012","2016-01-26"
"3013","2016-01-27"
"3014","2016-01-28"
"3015","2016-01-29"
"3016","2016-02-01"
"3017","2016-02-02"
"3018","2016-02-03"
"3019","2016-02-04"
"3020","2016-02-05"
"3021","2016-02-06"
"3022","2016-02-10"
"3023","2016-02-11"
"3024","2016-02-13"
"3025","2016-02-15"
"3026","2016-02-18"
"3027","2016-02-19"
"3028","2016-02-22"
"3029","2016-02-23"
"3030","2016-02-24"
"3031","2016-02-25"
"3032","2016-03-01"
"3033","2016-03-02"
"3034","2016-03-03"
"3035","2016-03-04"
"3036","2016-03-05"
"3037","2016-03-06"
"3038","2016-03-07"
"3039","2016-03-08"
"3040","2016-03-09"
"3041","2016-03-10"
"3042","2016-03-11"
"3043","2016-03-12"
"3044","2016-03-15"
"3045","2016-03-16"
"3046","2016-03-17"
"3047","2016-03-18"
"3048","2016-03-23"
"3049","2016-03-24"
"3050","2016-03-25"
"3051","2016-03-30"
"3052","2016-03-31"
"3053","2016-04-01"
"3054","2016-04-04"
"3055","2016-04-06"
"3056","2016-04-07"
"3057","2016-04-08"
"3058","2016-04-11"
"3059","2016-04-13"
"3060","2016-04-14"
"3061","2016-04-15"
"3062","2016-04-18"
"3063","2016-04-20"
"3064","2016-04-21"
"3065","2016-04-22"
"3066","2016-04-25"
"3067","2016-04-27"
"3068","2016-04-28"
"3069","2016-04-29"
"3070","2016-05-01"
"3071","2016-05-02"
"3072","2016-05-04"
"3073","2016-05-05"
"3074","2016-05-06"
"3075","2016-05-10"
"3076","2016-05-11"
"3077","2016-05-12"
"3078","2016-05-13"
"3079","2016-05-14"
"3080","2016-05-17"
"3081","2016-05-18"
"3082","2016-05-19"
"3083","2016-05-20"
"3084","2016-05-25"
"3085","2016-05-26"
"3086","2016-05-27"
"3087","2016-05-28"
"3088","2016-05-29"
"3089","2016-05-30"
"3090","2016-05-31"
"3091","2016-06-01"
"3092","2016-06-02"
"3093","2016-06-03"
"3094","2016-06-07"
"3095","2016-06-08"
"3096","2016-06-09"
"3097","2016-06-10"
"3098","2016-06-13"
"3099","2016-06-15"
"3100","2016-06-16"
"3101","2016-06-17"
"3102","2016-06-20"
"3103","2016-06-22"
"3104","2016-06-23"
"3105","2016-06-24"
"3106","2016-06-28"
"3107","2016-06-29"
"3108","2016-06-30"
"3109","2016-07-01"
"3110","2016-07-05"
"3111","2016-07-06"
"3112","2016-07-07"
"3113","2016-07-08"
"3114","2016-07-10"
"3115","2016-07-11"
"3116","2016-07-12"
"3117","2016-07-14"
"3118","2016-07-17"
"3119","2016-07-18"
"3120","2016-07-20"
"3121","2016-07-21"
"3122","2016-07-25"
"3123","2016-07-26"
"3124","2016-07-28"
"3125","2016-08-01"
"3126","2016-08-02"
"3127","2016-08-09"
"3128","2016-08-11"
"3129","2016-08-12"
"3130","2016-08-15"
"3131","2016-08-16"
"3132","2016-08-17"
"3133","2016-08-18"
"3134","2016-08-19"
"3135","2016-08-22"
"3136","2016-08-24"
"3137","2016-08-25"
"3138","2016-08-26"
"3139","2016-08-31"
"3140","2016-09-01"
"3141","2016-09-02"
"3142","2016-09-03"
"3143","2016-09-05"
"3144","2016-09-06"
"3145","2016-09-07"
"3146","2016-09-08"
"3147","2016-09-09"
"3148","2016-09-10"
"3149","2016-09-12"
"3150","2016-09-14"
"3151","2016-09-15"
"3152","2016-09-16"
"3153","2016-09-18"
"3154","2016-09-19"
"3155","2016-09-20"
"3156","2016-09-21"
"3157","2016-09-22"
"3158","2016-09-23"
"3159","2016-09-24"
"3160","2016-09-25"
"3161","2016-09-26"
"3162","2016-09-27"
"3163","2016-09-28"
"3164","2016-09-29"
"3165","2016-09-30"
"3166","2016-10-01"
"3167","2016-10-03"
"3168","2016-10-04"
"3169","2016-10-05"
"3170","2016-10-06"
"3171","2016-10-07"
"3172","2016-10-08"
"3173","2016-10-10"
"3174","2016-10-11"
"3175","2016-10-12"
"3176","2016-10-13"
"3177","2016-10-14"
"3178","2016-10-18"
"3179","2016-10-19"
"3180","2016-10-20"
"3181","2016-10-21"
"3182","2016-10-26"
"3183","2016-10-27"
"3184","2016-10-28"
"3185","2016-10-30"
"3186","2016-11-01"
"3187","2016-11-02"
"3188","2016-11-03"
"3189","2016-11-04"
"3190","2016-11-06"
"3191","2016-11-08"
"3192","2016-11-09"
"3193","2016-11-10"
"3194","2016-11-11"
"3195","2016-11-14"
"3196","2016-11-15"
"3197","2016-11-16"
"3198","2016-11-17"
"3199","2016-11-18"
"3200","2016-11-21"
"3201","2016-11-23"
"3202","2016-11-24"
"3203","2016-11-25"
"3204","2016-11-27"
"3205","2016-11-28"
"3206","2016-11-29"
"3207","2016-11-30"
"3208","2016-12-01"
"3209","2016-12-02"
"3210","2016-12-03"
"3211","2016-12-04"
"3212","2016-12-05"
"3213","2016-12-06"
"3214","2016-12-07"
"3215","2016-12-08"
"3216","2016-12-09"
"3217","2016-12-12"
"3218","2016-12-13"
"3219","2016-12-14"
"3220","2016-12-16"
"3221","2016-12-19"
"3222","2016-12-21"
"3223","2016-12-23"
"3224","2016-12-25"
"3225","2016-12-26"
"3226","2016-12-27"
"3227","2016-12-28"
"3228","2016-12-29"
"3229","2017-01-01"
"3230","2017-01-02"
"3231","2017-01-03"
"3232","2017-01-04"
"3233","2017-01-05"
"3234","2017-01-06"
"3235","2017-01-07"
"3236","2017-01-10"
"3237","2017-01-11"
"3238","2017-01-12"
"3239","2017-01-13"
"3240","2017-01-16"
"3241","2017-01-17"
"3242","2017-01-18"
"3243","2017-01-19"
"3244","2017-01-20"
"3245","2017-01-23"
"3246","2017-01-24"
"3247","2017-01-25"
"3248","2017-01-26"
"3249","2017-01-27"
"3250","2017-01-30"
"3251","2017-01-31"
"3252","2017-02-01"
"3253","2017-02-02"
"3254","2017-02-03"
"3255","2017-02-04"
"3256","2017-02-05"
"3257","2017-02-06"
"3258","2017-02-07"
"3259","2017-02-08"
"3260","2017-02-09"
"3261","2017-02-10"
"3262","2017-02-11"
"3263","2017-02-13"
"3264","2017-02-14"
"3265","2017-02-15"
"3266","2017-02-16"
"3267","2017-02-17"
"3268","2017-02-18"
"3269","2017-02-20"
"3270","2017-02-22"
"3271","2017-02-23"
"3272","2017-02-24"
"3273","2017-02-25"
"3274","2017-02-27"
"3275","2017-02-28"
"3276","2017-03-01"
"3277","2017-03-02"
"3278","2017-03-03"
"3279","2017-03-04"
"3280","2017-03-06"
"3281","2017-03-07"
"3282","2017-03-08"
"3283","2017-03-09"
"3284","2017-03-10"
"3285","2017-03-11"
"3286","2017-03-12"
"3287","2017-03-13"
"3288","2017-03-14"
"3289","2017-03-15"
"3290","2017-03-16"
"3291","2017-03-17"
"3292","2017-03-19"
"3293","2017-03-20"
"3294","2017-03-21"
"3295","2017-03-22"
"3296","2017-03-23"
"3297","2017-03-24"
"3298","2017-03-25"
"3299","2017-03-26"
"3300","2017-03-28"
"3301","2017-03-29"
"3302","2017-03-30"
"3303","2017-03-31"
"3304","2017-04-01"
"3305","2017-04-03"
"3306","2017-04-04"
"3307","2017-04-05"
"3308","2017-04-06"
"3309","2017-04-07"
"3310","2017-04-08"
"3311","2017-04-09"
"3312","2017-04-10"
"3313","2017-04-11"
"3314","2017-04-12"
"3315","2017-04-13"
"3316","2017-04-14"
"3317","2017-04-15"
"3318","2017-04-17"
"3319","2017-04-18"
"3320","2017-04-19"
"3321","2017-04-20"
"3322","2017-04-21"
"3323","2017-04-22"
"3324","2017-04-23"
"3325","2017-04-24"
"3326","2017-04-25"
"3327","2017-04-26"
"3328","2017-04-27"
"3329","2017-04-28"
"3330","2017-04-29"
"3331","2017-05-01"
"3332","2017-05-02"
"3333","2017-05-03"
"3334","2017-05-04"
"3335","2017-05-05"
"3336","2017-05-06"
"3337","2017-05-08"
"3338","2017-05-09"
"3339","2017-05-10"
"3340","2017-05-11"
"3341","2017-05-12"
"3342","2017-05-13"
"3343","2017-05-14"
"3344","2017-05-15"
"3345","2017-05-16"
"3346","2017-05-17"
"3347","2017-05-18"
"3348","2017-05-19"
"3349","2017-05-21"
"3350","2017-05-22"
"3351","2017-05-23"
"3352","2017-05-24"
"3353","2017-05-25"
"3354","2017-05-26"
"3355","2017-05-27"
"3356","2017-05-28"
"3357","2017-05-29"
"3358","2017-05-30"
"3359","2017-05-31"
"3360","2017-06-01"
"3361","2017-06-02"
"3362","2017-06-03"
"3363","2017-06-04"
"3364","2017-06-05"
"3365","2017-06-06"
"3366","2017-06-07"
"3367","2017-06-08"
"3368","2017-06-09"
"3369","2017-06-10"
"3370","2017-06-12"
"3371","2017-06-13"
"3372","2017-06-14"
"3373","2017-06-15"
"3374","2017-06-16"
"3375","2017-06-20"
"3376","2017-06-21"
"3377","2017-06-22"
"3378","2017-06-23"
"3379","2017-06-25"
"3380","2017-06-27"
"3381","2017-06-28"
"3382","2017-06-29"
"3383","2017-07-03"
"3384","2017-07-04"
"3385","2017-07-05"
"3386","2017-07-06"
"3387","2017-07-07"
"3388","2017-07-10"
"3389","2017-07-12"
"3390","2017-07-13"
"3391","2017-08-01"
"3392","2017-08-02"
"3393","2017-08-04"
"3394","2017-08-09"
"3395","2017-08-16"
"3396","2017-08-17"
"3397","2017-08-18"
"3398","2017-08-22"
"3399","2017-08-23"
"3400","2017-08-24"
"3401","2017-08-25"
"3402","2017-08-30"
"3403","2017-08-31"
"3404","2017-09-06"
"3405","2017-09-07"
"3406","2017-09-13"
"3407","2017-09-14"
"3408","2017-09-15"
"3409","2017-09-19"
"3410","2017-09-21"
"3411","2017-09-22"
"3412","2017-09-23"
"3413","2017-09-27"
"3414","2017-09-29"
"3415","2017-10-04"
"3416","2017-10-05"
"3417","2017-10-06"
"3418","2017-10-11"
"3419","2017-10-12"
"3420","2017-10-13"
"3421","2017-10-18"
"3422","2017-10-19"
"3423","2017-10-20"
"3424","2017-10-25"
"3425","2017-10-26"
"3426","2017-10-27"
"3427","2017-11-08"
"3428","2017-11-10"
"3429","2017-11-29"
"3430","2017-12-08"
"3431","2018-01-17"
