"nbreEpisodesID","nbreEpisodes"
"1","0"
"2","1"
"11","10"
"101","100"
"318","1000"
"102","101"
"103","102"
"104","103"
"319","1031"
"105","104"
"106","105"
"107","106"
"108","107"
"109","108"
"110","109"
"12","11"
"111","110"
"112","111"
"113","112"
"114","113"
"341","11371"
"115","114"
"116","115"
"117","116"
"118","117"
"119","118"
"120","119"
"13","12"
"121","120"
"122","121"
"123","122"
"320","1225"
"124","123"
"125","124"
"126","125"
"127","126"
"128","127"
"321","1270"
"322","1275"
"342","12780"
"129","128"
"130","129"
"14","13"
"131","130"
"132","131"
"323","1310"
"133","132"
"134","133"
"135","134"
"136","135"
"137","136"
"138","137"
"139","138"
"140","139"
"15","14"
"141","140"
"142","141"
"143","142"
"144","143"
"145","144"
"324","1447"
"146","145"
"343","14510"
"147","146"
"148","147"
"149","148"
"150","149"
"16","15"
"151","150"
"152","151"
"153","152"
"154","153"
"155","154"
"156","155"
"157","156"
"158","157"
"344","15715"
"159","158"
"160","159"
"17","16"
"161","160"
"162","161"
"163","162"
"164","164"
"165","165"
"166","166"
"167","167"
"345","16782"
"168","168"
"18","17"
"169","170"
"170","171"
"171","172"
"172","173"
"173","174"
"174","176"
"175","177"
"176","178"
"177","179"
"19","18"
"178","180"
"179","181"
"180","182"
"181","183"
"182","184"
"183","185"
"184","186"
"185","187"
"186","188"
"187","189"
"20","19"
"188","190"
"189","191"
"190","192"
"191","193"
"192","194"
"193","195"
"194","196"
"195","197"
"196","198"
"197","199"
"3","2"
"21","20"
"198","200"
"199","201"
"200","202"
"201","203"
"202","204"
"203","206"
"204","207"
"205","208"
"206","209"
"22","21"
"207","210"
"208","212"
"209","213"
"325","2137"
"210","214"
"211","215"
"212","217"
"213","218"
"23","22"
"214","220"
"215","221"
"216","222"
"217","224"
"218","226"
"219","227"
"220","228"
"24","23"
"221","232"
"222","233"
"326","2346"
"223","236"
"224","237"
"225","238"
"226","239"
"25","24"
"227","240"
"327","2404"
"228","243"
"229","245"
"230","247"
"231","248"
"232","249"
"26","25"
"233","250"
"234","253"
"235","254"
"236","255"
"237","256"
"238","259"
"27","26"
"239","262"
"240","263"
"241","264"
"242","268"
"243","269"
"28","27"
"244","271"
"245","274"
"246","276"
"247","277"
"29","28"
"248","280"
"249","281"
"250","285"
"251","286"
"252","287"
"30","29"
"328","2909"
"253","291"
"254","293"
"255","295"
"256","297"
"4","3"
"31","30"
"257","300"
"258","304"
"259","307"
"32","31"
"260","310"
"329","3169"
"261","318"
"262","319"
"33","32"
"330","3200"
"263","321"
"264","329"
"34","33"
"265","330"
"266","331"
"267","337"
"268","338"
"35","34"
"269","344"
"36","35"
"270","351"
"331","3515"
"271","357"
"272","358"
"37","36"
"273","363"
"274","367"
"38","37"
"39","38"
"332","3800"
"40","39"
"275","390"
"276","392"
"5","4"
"41","40"
"277","400"
"333","4000"
"278","404"
"42","41"
"279","411"
"280","419"
"43","42"
"281","425"
"44","43"
"282","431"
"45","44"
"283","440"
"284","442"
"46","45"
"285","450"
"334","4500"
"286","453"
"287","456"
"288","459"
"47","46"
"289","462"
"290","467"
"48","47"
"291","470"
"335","4730"
"49","48"
"292","480"
"293","481"
"294","486"
"50","49"
"295","492"
"6","5"
"51","50"
"296","508"
"52","51"
"297","510"
"53","52"
"54","53"
"55","54"
"56","55"
"298","552"
"57","56"
"58","57"
"299","579"
"59","58"
"60","59"
"300","591"
"336","5965"
"7","6"
"61","60"
"301","600"
"62","61"
"302","610"
"63","62"
"64","63"
"303","635"
"337","6384"
"65","64"
"304","645"
"66","65"
"67","66"
"305","669"
"68","67"
"69","68"
"70","69"
"306","692"
"307","695"
"8","7"
"71","70"
"308","700"
"309","708"
"72","71"
"73","72"
"74","73"
"310","733"
"75","74"
"76","75"
"311","751"
"77","76"
"78","77"
"312","770"
"79","78"
"313","784"
"80","79"
"9","8"
"81","80"
"82","81"
"83","82"
"84","83"
"85","84"
"86","85"
"314","853"
"87","86"
"88","87"
"89","88"
"90","89"
"10","9"
"91","90"
"315","900"
"92","91"
"93","92"
"316","926"
"317","929"
"94","93"
"338","9316"
"95","94"
"96","95"
"97","96"
"339","9603"
"98","97"
"99","98"
"100","99"
"340","9958"
